X,Y,fid,OBJECTID,Entity,Layer,Color,Linetype,Elevation,LineWt,RefName,Angle,NO,F_POINT,ELEV,ELE,ELPBG,DOM,CH1,DIA,A,B,PT,STAMAN,STAPRE,POINT,DESC,PLU,POINT_HEXAG,ECHELLE,VUEPL,EL_,F0_000,CURVENO,RADIUS,LENGTH,DELTA,TANGENT,CHORD,BEARING,X,IDENTIFICATION,S_,TXT1,SS,VALEURX,VALEUR_Y,TEXTE,A1,NIVEAU,Item_Short_Name,Item_Description,Manufacturer,Part_Number,Quantity_Imperial,Unit_Imperial,Quantity_Metric,Unit_Metric,ID_CSI_Masterformat,ID_CSI_Uniformat,ID_CI_SfB,ID_UniClass,ID_User_Defined,NAME,PLUVIAL,SANITIRE,EAU_POTABLE,COD,DSC,INF,F1,F2,icon_url
-71.7369770743343,46.6791639908056,1,1,Insert,EGPLUV-REGARD,4,Continuous,0,25,RP,315.718802028925,,,,,0,0,,,,,,0,,,,,0,,,,,,,,,,,,,,,,,,,,,0,,,,,0,,0,,0,,0,,,,0,0,0,,0,0,,,./0.png
-71.7368999467576,46.6790980170197,2,2,Insert,EGPLUV-REGARD,4,Continuous,0,25,RP,324.431149612337,,,,,0,0,,,,,,0,,,,,0,,,,,,,,,,,,,,,,,,,,,0,,,,,0,,0,,0,,0,,,,0,0,0,,0,0,,,./0.png
-71.7361338275939,46.6797114497272,3,3,Insert,EGPLUV-REGARD,4,Continuous,0,25,RP,320.084720656449,,,,,0,0,,,,,,0,,,,,0,,,,,,,,,,,,,,,,,,,,,0,,,,,0,,0,,0,,0,,,,0,0,0,,0,0,,,./0.png
-71.7358221967698,46.6799121710019,4,4,Insert,EGPLUV-REGARD,4,Continuous,0,25,RP,321.594436975512,,,,,0,0,,,,,,0,,,,,0,,,,,,,,,,,,,,,,,,,,,0,,,,,0,,0,,0,,0,,,,0,0,0,,0,0,,,./0.png
-71.7352958916271,46.6802322220312,5,5,Insert,EGPLUV-REGARD,4,Continuous,0,25,RP,0,,,,,0,0,,,,,,0,,,,,0,,,,,,,,,,,,,,,,,,,,,0,,,,,0,,0,,0,,0,,,,0,0,0,,0,0,,,./0.png
-71.7346638720212,46.6806472765281,6,6,Insert,EGPLUV-REGARD,4,Continuous,0,25,RP,0,,,,,0,0,,,,,,0,,,,,0,,,,,,,,,,,,,,,,,,,,,0,,,,,0,,0,,0,,0,,,,0,0,0,,0,0,,,./0.png
-71.7339459326611,46.68094870386,7,7,Insert,EGPLUV-REGARD,4,Continuous,0,25,RP,0,,,,,0,0,,,,,,0,,,,,0,,,,,,,,,,,,,,,,,,,,,0,,,,,0,,0,,0,,0,,,,0,0,0,,0,0,,,./0.png
-71.7334177317887,46.6811245254826,8,8,Insert,EGPLUV-REGARD,4,Continuous,0,25,RP,0,,,,,0,0,,,,,,0,,,,,0,,,,,,,,,,,,,,,,,,,,,0,,,,,0,,0,,0,,0,,,,0,0,0,,0,0,,,./0.png
-71.732672366252,46.6812709864705,9,9,Insert,EGPLUV-REGARD,4,Continuous,0,25,RP,0,,,,,0,0,,,,,,0,,,,,0,,,,,,,,,,,,,,,,,,,,,0,,,,,0,,0,,0,,0,,,,0,0,0,,0,0,,,./0.png
-71.7323821806251,46.6813194179115,10,10,Insert,EGPLUV-REGARD,4,Continuous,0,25,RP,0,,,,,0,0,,,,,,0,,,,,0,,,,,,,,,,,,,,,,,,,,,0,,,,,0,,0,,0,,0,,,,0,0,0,,0,0,,,./0.png
-71.731143120969,46.681417901659,11,11,Insert,EGPLUV-REGARD,4,Continuous,0,25,RP,0,,,,,0,0,,,,,,0,,,,,0,,,,,,,,,,,,,,,,,,,,,0,,,,,0,,0,,0,,0,,,,0,0,0,,0,0,,,./0.png
-71.7301207232195,46.6813674391732,12,12,Insert,EGPLUV-REGARD,4,Continuous,0,25,RP,0,,,,,0,0,,,,,,0,,,,,0,,,,,,,,,,,,,,,,,,,,,0,,,,,0,,0,,0,,0,,,,0,0,0,,0,0,,,./0.png
-71.7376491441271,46.6796440060214,13,13,Insert,EGPLUV-REGARD,4,Continuous,0,25,RP,0,,,,,0,0,,,,,,0,,,,,0,,,,,,,,,,,,,,,,,,,,,0,,,,,0,,0,,0,,0,,,,0,0,0,,0,0,,,./0.png
-71.7363597183828,46.6804807861215,14,15,Insert,EGPLUV-REGARD,4,Continuous,0,25,RP,144.390762345632,,,,,0,0,,,,,,0,,,,,0,,,,,,,,,,,,,,,,,,,,,0,,,,,0,,0,,0,,0,,,,0,0,0,,0,0,,,./0.png
-71.735962033204,46.6807590137657,15,16,Insert,EGPLUV-REGARD,4,Continuous,0,25,RP,129.509733885682,,,,,0,0,,,,,,0,,,,,0,,,,,,,,,,,,,,,,,,,,,0,,,,,0,,0,,0,,0,,,,0,0,0,,0,0,,,./0.png
-71.7358197882909,46.680037799746,16,17,Insert,EGPLUV-REGARD,4,Continuous,0,25,RP,43.1222352777043,,,,,0,0,,,,,,0,,,,,0,,,,,,,,,,,,,,,,,,,,,0,,,,,0,,0,,0,,0,,,,0,0,0,,0,0,,,./0.png
-71.7364450538523,46.6811350277308,17,18,Insert,EGPLUV-REGARD,4,Continuous,0,25,RP,31.8584836538174,,,,,0,0,,,,,,0,,,,,0,,,,,,,,,,,,,,,,,,,,,0,,,,,0,,0,,0,,0,,,,0,0,0,,0,0,,,./0.png
-71.7360214739635,46.6819417981331,18,19,Insert,EGPLUV-REGARD,4,Continuous,0,25,RP,0,,,,,0,0,,,,,,0,,,,,0,,,,,,,,,,,,,,,,,,,,,0,,,,,0,,0,,0,,0,,,,0,0,0,,0,0,,,./0.png
-71.7360372889532,46.6821993678499,19,20,Insert,EGPLUV-REGARD,4,Continuous,0,25,RP,0,,,,,0,0,,,,,,0,,,,,0,,,,,,,,,,,,,,,,,,,,,0,,,,,0,,0,,0,,0,,,,0,0,0,,0,0,,,./0.png
-71.7357385878746,46.6823272793145,20,21,Insert,EGPLUV-REGARD,4,Continuous,0,25,RP,0,,,,,0,0,,,,,,0,,,,,0,,,,,,,,,,,,,,,,,,,,,0,,,,,0,,0,,0,,0,,,,0,0,0,,0,0,,,./0.png
-71.7341104928405,46.682215862572,21,22,Insert,EGPLUV-REGARD,4,Continuous,0,25,RP,0,,,,,0,0,,,,,,0,,,,,0,,,,,,,,,,,,,,,,,,,,,0,,,,,0,,0,,0,,0,,,,0,0,0,,0,0,,,./0.png
-71.7338111403752,46.6821214716106,22,23,Insert,EGPLUV-REGARD,4,Continuous,0,25,RP,0,,,,,0,0,,,,,,0,,,,,0,,,,,,,,,,,,,,,,,,,,,0,,,,,0,,0,,0,,0,,,,0,0,0,,0,0,,,./0.png
-71.7343108621951,46.6814144611063,23,24,Insert,EGPLUV-REGARD,4,Continuous,0,25,RP,0,,,,,0,0,,,,,,0,,,,,0,,,,,,,,,,,,,,,,,,,,,0,,,,,0,,0,,0,,0,,,,0,0,0,,0,0,,,./0.png
-71.7345368161097,46.6816348567813,24,25,Insert,EGPLUV-REGARD,4,Continuous,0,25,RP,0,,,,,0,0,,,,,,0,,,,,0,,,,,,,,,,,,,,,,,,,,,0,,,,,0,,0,,0,,0,,,,0,0,0,,0,0,,,./0.png
-71.7348345651797,46.6817098303186,25,26,Insert,EGPLUV-REGARD,4,Continuous,0,25,RP,0,,,,,0,0,,,,,,0,,,,,0,,,,,,,,,,,,,,,,,,,,,0,,,,,0,,0,,0,,0,,,,0,0,0,,0,0,,,./0.png
-71.7362883619894,46.6786552639246,26,27,Insert,EGPLUV-REGARD,4,Continuous,0,25,RP,219.216047403331,,,,,0,0,,,,,,0,,,,,0,,,,,,,,,,,,,,,,,,,,,0,,,,,0,,0,,0,,0,,,,0,0,0,,0,0,,,./0.png
-71.7359824388623,46.6784315520975,27,28,Insert,EGPLUV-REGARD,4,Continuous,0,25,RP,0,,,,,0,0,,,,,,0,,,,,0,,,,,,,,,,,,,,,,,,,,,0,,,,,0,,0,,0,,0,,,,0,0,0,,0,0,,,./0.png
-71.7356815244477,46.6790511087195,28,29,Insert,EGPLUV-REGARD,4,Continuous,0,25,RP,334.865128003266,,,,,0,0,,,,,,0,,,,,0,,,,,,,,,,,,,,,,,,,,,0,,,,,0,,0,,0,,0,,,,0,0,0,,0,0,,,./0.png
-71.7350047288568,46.6794127739116,29,30,Insert,EGPLUV-REGARD,4,Continuous,0,25,RP,222.732162615334,,,,,0,0,,,,,,0,,,,,0,,,,,,,,,,,,,,,,,,,,,0,,,,,0,,0,,0,,0,,,,0,0,0,,0,0,,,./0.png
-71.7350846578422,46.6793946779827,30,31,Insert,EGPLUV-REGARD,4,Continuous,0,25,RP,40.8516185878197,,,,,0,0,,,,,,0,,,,,0,,,,,,,,,,,,,,,,,,,,,0,,,,,0,,0,,0,,0,,,,0,0,0,,0,0,,,./0.png
-71.7298208946162,46.6802748734749,31,32,Insert,EGPLUV-REGARD,4,Continuous,0,25,RP,151.824854475673,,,,,0,0,,,,,,0,,,,,0,,,,,,,,,,,,,,,,,,,,,0,,,,,0,,0,,0,,0,,,,0,0,0,,0,0,,,./0.png
-71.7307868575755,46.6797544888981,32,33,Insert,EGPLUV-REGARD,4,Continuous,0,25,RP,133.156071511672,,,,,0,0,,,,,,0,,,,,0,,,,,,,,,,,,,,,,,,,,,0,,,,,0,,0,,0,,0,,,,0,0,0,,0,0,,,./0.png
-71.7306325135693,46.67979213402,33,34,Insert,EGPLUV-REGARD,4,Continuous,0,25,RP,311.803822662884,,,,,0,0,,,,,,0,,,,,0,,,,,,,,,,,,,,,,,,,,,0,,,,,0,,0,,0,,0,,,,0,0,0,,0,0,,,./0.png
-71.7304630799429,46.6797870891014,34,35,Insert,EGPLUV-REGARD,4,Continuous,0,25,RP,318.657371572443,,,,,0,0,,,,,,0,,,,,0,,,,,,,,,,,,,,,,,,,,,0,,,,,0,,0,,0,,0,,,,0,0,0,,0,0,,,./0.png
-71.7301200714259,46.6801930263362,35,36,Insert,EGPLUV-REGARD,4,Continuous,0,25,RP,315.335898353809,,,,,0,0,,,,,,0,,,,,0,,,,,,,,,,,,,,,,,,,,,0,,,,,0,,0,,0,,0,,,,0,0,0,,0,0,,,./0.png
-71.7302981391872,46.6799161568834,36,37,Insert,EGPLUV-REGARD,4,Continuous,0,25,RP,136.426291380874,,,,,0,0,,,,,,0,,,,,0,,,,,,,,,,,,,,,,,,,,,0,,,,,0,,0,,0,,0,,,,0,0,0,,0,0,,,./0.png
-71.7318698232752,46.6790659299189,37,38,Insert,EGPLUV-REGARD,4,Continuous,0,25,RP,0,,,,,0,0,,,,,,0,,,,,0,,,,,,,,,,,,,,,,,,,,,0,,,,,0,,0,,0,,0,,,,0,0,0,,0,0,,,./0.png
-71.7318225447144,46.6790153287603,38,39,Insert,EGPLUV-REGARD,4,Continuous,0,25,RP,311.201440444327,,,,,0,0,,,,,,0,,,,,0,,,,,,,,,,,,,,,,,,,,,0,,,,,0,,0,,0,,0,,,,0,0,0,,0,0,,,./0.png
-71.7328586392635,46.6783221466933,39,40,Insert,EGPLUV-REGARD,4,Continuous,0,25,RP,138.381670571576,,,,,0,0,,,,,,0,,,,,0,,,,,,,,,,,,,,,,,,,,,0,,,,,0,,0,,0,,0,,,,0,0,0,,0,0,,,./0.png
-71.7332215084289,46.6780993269224,40,41,Insert,EGPLUV-REGARD,4,Continuous,0,25,RP,313.936964054986,,,,,0,0,,,,,,0,,,,,0,,,,,,,,,,,,,,,,,,,,,0,,,,,0,,0,,0,,0,,,,0,0,0,,0,0,,,./0.png
-71.7324508509081,46.6786735177133,41,42,Insert,EGPLUV-REGARD,4,Continuous,0,25,RP,0,,,,,0,0,,,,,,0,,,,,0,,,,,,,,,,,,,,,,,,,,,0,,,,,0,,0,,0,,0,,,,0,0,0,,0,0,,,./0.png
-71.7336106367362,46.6779434335311,42,43,Insert,EGPLUV-REGARD,4,Continuous,0,25,RP,322.895590870097,,,,,0,0,,,,,,0,,,,,0,,,,,,,,,,,,,,,,,,,,,0,,,,,0,,0,,0,,0,,,,0,0,0,,0,0,,,./0.png
-71.7337360172547,46.6789789543813,43,44,Insert,EGPLUV-REGARD,4,Continuous,0,25,RP,0,,,,,0,0,,,,,,0,,,,,0,,,,,,,,,,,,,,,,,,,,,0,,,,,0,,0,,0,,0,,,,0,0,0,,0,0,,,./0.png
-71.7345953168711,46.6796791722463,44,45,Insert,EGPLUV-REGARD,4,Continuous,0,25,RP,0,,,,,0,0,,,,,,0,,,,,0,,,,,,,,,,,,,,,,,,,,,0,,,,,0,,0,,0,,0,,,,0,0,0,,0,0,,,./0.png
-71.7324499898022,46.6794730456052,45,46,Insert,EGPLUV-REGARD,4,Continuous,0,25,RP,0,,,,,0,0,,,,,,0,,,,,0,,,,,,,,,,,,,,,,,,,,,0,,,,,0,,0,,0,,0,,,,0,0,0,,0,0,,,./0.png
-71.7320298714832,46.6797995633496,46,47,Insert,EGPLUV-REGARD,4,Continuous,0,25,RP,0,,,,,0,0,,,,,,0,,,,,0,,,,,,,,,,,,,,,,,,,,,0,,,,,0,,0,,0,,0,,,,0,0,0,,0,0,,,./0.png
-71.7325331934968,46.680234037227,47,48,Insert,EGPLUV-REGARD,4,Continuous,0,25,RP,0,,,,,0,0,,,,,,0,,,,,0,,,,,,,,,,,,,,,,,,,,,0,,,,,0,,0,,0,,0,,,,0,0,0,,0,0,,,./0.png
-71.7328307293283,46.6804815701922,48,49,Insert,EGPLUV-REGARD,4,Continuous,0,25,RP,332.927646237469,,,,,0,0,,,,,,0,,,,,0,,,,,,,,,,,,,,,,,,,,,0,,,,,0,,0,,0,,0,,,,0,0,0,,0,0,,,./0.png
-71.7332016627576,46.6805323194449,49,50,Insert,EGPLUV-REGARD,4,Continuous,0,25,RP,0,,,,,0,0,,,,,,0,,,,,0,,,,,,,,,,,,,,,,,,,,,0,,,,,0,,0,,0,,0,,,,0,0,0,,0,0,,,./0.png
-71.733763259953,46.6803055053447,50,51,Insert,EGPLUV-REGARD,4,Continuous,0,25,RP,0,,,,,0,0,,,,,,0,,,,,0,,,,,,,,,,,,,,,,,,,,,0,,,,,0,,0,,0,,0,,,,0,0,0,,0,0,,,./0.png
-71.7339039232249,46.6800764875047,51,52,Insert,EGPLUV-REGARD,4,Continuous,0,25,RP,0,,,,,0,0,,,,,,0,,,,,0,,,,,,,,,,,,,,,,,,,,,0,,,,,0,,0,,0,,0,,,,0,0,0,,0,0,,,./0.png
-71.7334050394422,46.6796647909854,52,53,Insert,EGPLUV-REGARD,4,Continuous,0,25,RP,0,,,,,0,0,,,,,,0,,,,,0,,,,,,,,,,,,,,,,,,,,,0,,,,,0,,0,,0,,0,,,,0,0,0,,0,0,,,./0.png
-71.732826260895,46.6792547394671,53,54,Insert,EGPLUV-REGARD,4,Continuous,0,25,RP,0,,,,,0,0,,,,,,0,,,,,0,,,,,,,,,,,,,,,,,,,,,0,,,,,0,,0,,0,,0,,,,0,0,0,,0,0,,,./0.png
-71.7314895094955,46.6803089790673,54,55,Insert,EGPLUV-REGARD,4,Continuous,0,25,RP,26.3740737264691,,,,,0,0,,,,,,0,,,,,0,,,,,,,,,,,,,,,,,,,,,0,,,,,0,,0,,0,,0,,,,0,0,0,,0,0,,,./0.png
-71.7321670246004,46.6808519985167,55,56,Insert,EGPLUV-REGARD,4,Continuous,0,25,RP,0,,,,,0,0,,,,,,0,,,,,0,,,,,,,,,,,,,,,,,,,,,0,,,,,0,,0,,0,,0,,,,0,0,0,,0,0,,,./0.png
-71.7446283868518,46.6748908318306,56,57,Insert,EGPLUV-REGARD,4,Continuous,0,25,RP,256.604863742805,,,,,0,0,,,,,,0,,,,,0,,,,,,,,,,,,,,,,,,,,,0,,,,,0,,0,,0,,0,,,,0,0,0,,0,0,,,./0.png
-71.7446755005734,46.6754081769638,57,58,Insert,EGPLUV-REGARD,4,Continuous,0,25,RP,0,,,,,0,0,,,,,,0,,,,,0,,,,,,,,,,,,,,,,,,,,,0,,,,,0,,0,,0,,0,,,,0,0,0,,0,0,,,./0.png
-71.7448867439642,46.6758356031061,58,59,Insert,EGPLUV-REGARD,4,Continuous,0,25,RP,0,,,,,0,0,,,,,,0,,,,,0,,,,,,,,,,,,,,,,,,,,,0,,,,,0,,0,,0,,0,,,,0,0,0,,0,0,,,./0.png
-71.7338301343349,46.6733981800106,59,60,Insert,EGPLUV-REGARD,4,Continuous,0,25,RP,0,,,,,0,0,,,,,,0,,,,,0,,,,,,,,,,,,,,,,,,,,,0,,,,,0,,0,,0,,0,,,,0,0,0,,0,0,,,./0.png
-71.7329235796248,46.6736507481411,60,61,Insert,EGPLUV-REGARD,4,Continuous,0,25,RP,0,,,,,0,0,,,,,,0,,,,,0,,,,,,,,,,,,,,,,,,,,,0,,,,,0,,0,,0,,0,,,,0,0,0,,0,0,,,./0.png
-71.7298686826718,46.6741512450019,61,62,Insert,EGPLUV-REGARD,4,Continuous,0,25,RP,0,,,,,0,0,,,,,,0,,,,,0,,,,,,,,,,,,,,,,,,,,,0,,,,,0,,0,,0,,0,,,,0,0,0,,0,0,,,./0.png
-71.7437463791009,46.6740134856261,62,63,Insert,EGPLUV-REGARD,4,Continuous,0,25,RP,179.867514499496,,,,,0,0,,,,,,0,,,,,0,,,,,,,,,,,,,,,,,,,,,0,,,,,0,,0,,0,,0,,,,0,0,0,,0,0,,,./0.png
-71.7333727018592,46.6781306466598,63,64,Insert,EGPLUV-REGARD,4,Continuous,0,25,RP,21.993256907602,,,,,0,0,,,,,,0,,,,,0,,,,,,,,,,,,,,,,,,,,,0,,,,,0,,0,,0,,0,,,,0,0,0,,0,0,,,./0.png
-71.7335112581421,46.6826056278117,64,65,Insert,EGPLUV-REGARD,4,Continuous,0,25,RP,14.289648381343,,,,,0,0,,,,,,0,,,,,0,,,,,,,,,,,,,,,,,,,,,0,,,,,0,,0,,0,,0,,,,0,0,0,,0,0,,,./0.png
-71.737838474591,46.6701894583902,65,66,Insert,EGPLUV-REGARD,4,Continuous,0,25,RP,12.9859460954479,,,,,0,0,,,,,,0,,,,,0,,,,,,,,,,,,,,,,,,,,,0,,,,,0,,0,,0,,0,,,,0,0,0,,0,0,,,./0.png
-71.7376021217383,46.6703815903621,66,67,Insert,EGPLUV-REGARD,4,Continuous,0,25,RP,10.915446633646,,,,,0,0,,,,,,0,,,,,0,,,,,,,,,,,,,,,,,,,,,0,,,,,0,,0,,0,,0,,,,0,0,0,,0,0,,,./0.png
-71.7375892963831,46.6703705117321,67,68,Insert,EGPLUV-REGARD,4,Continuous,0,25,RP,7.96407965610497,,,,,0,0,,,,,,0,,,,,0,,,,,,,,,,,,,,,,,,,,,0,,,,,0,,0,,0,,0,,,,0,0,0,,0,0,,,./0.png
-71.7376574873326,46.6703246847982,68,69,Insert,EGPLUV-REGARD,4,Continuous,0,25,RP,4.53467336165928,,,,,0,0,,,,,,0,,,,,0,,,,,,,,,,,,,,,,,,,,,0,,,,,0,,0,,0,,0,,,,0,0,0,,0,0,,,./0.png
-71.7377419884673,46.6702596581473,69,70,Insert,EGPLUV-REGARD,4,Continuous,0,25,RP,20.645865633847,,,,,0,0,,,,,,0,,,,,0,,,,,,,,,,,,,,,,,,,,,0,,,,,0,,0,,0,,0,,,,0,0,0,,0,0,,,./0.png
-71.7318743208365,46.6830325110408,70,71,Insert,EGPLUV-REGARD,4,Continuous,0,25,RP,15.8469988302314,,,,,0,0,,,,,,0,,,,,0,,,,,,,,,,,,,,,,,,,,,0,,,,,0,,0,,0,,0,,,,0,0,0,,0,0,,,./0.png
-71.7333797876351,46.6831661884036,71,72,Insert,EGPLUV-REGARD,4,Continuous,0,25,RP,358.859093487628,,,,,0,0,,,,,,0,,,,,0,,,,,,,,,,,,,,,,,,,,,0,,,,,0,,0,,0,,0,,,,0,0,0,,0,0,,,./0.png
-71.7313868375564,46.6829313250743,72,73,Insert,EGPLUV-REGARD,4,Continuous,0,25,RP,6.51846568617948,,,,,0,0,,,,,,0,,,,,0,,,,,,,,,,,,,,,,,,,,,0,,,,,0,,0,,0,,0,,,,0,0,0,,0,0,,,./0.png
-71.7409974915147,46.6831452504173,73,74,Insert,EGPLUV-REGARD,4,Continuous,0,25,RP,33.0836289781614,,,,,0,0,,,,,,0,,,,,0,,,,,,,,,,,,,,,,,,,,,0,,,,,0,,0,,0,,0,,,,0,0,0,,0,0,,,./0.png
-71.7386460738834,46.682967479936,74,75,Insert,EGPLUV-REGARD,4,Continuous,0,25,RP,19.2685396280425,,,,,0,0,,,,,,0,,,,,0,,,,,,,,,,,,,,,,,,,,,0,,,,,0,,0,,0,,0,,,,0,0,0,,0,0,,,./0.png
-71.7416448544126,46.6832574916529,75,76,Insert,EGPLUV-REGARD,4,Continuous,0,25,RP,21.673488144292,,,,,0,0,,,,,,0,,,,,0,,,,,,,,,,,,,,,,,,,,,0,,,,,0,,0,,0,,0,,,,0,0,0,,0,0,,,./0.png
-71.7311505589758,46.6839118022807,76,77,Insert,EGPLUV-REGARD,4,Continuous,0,25,RP,16.8942438675336,,,,,0,0,,,,,,0,,,,,0,,,,,,,,,,,,,,,,,,,,,0,,,,,0,,0,,0,,0,,,,0,0,0,,0,0,,,./0.png
-71.7323867301389,46.684828657784,77,79,Insert,EGPLUV-REGARD,4,Continuous,0,25,RP,49.1653396560927,,,,,0,0,,,,,,0,,,,,0,,,,,,,,,,,,,,,,,,,,,0,,,,,0,,0,,0,,0,,,,0,0,0,,0,0,,,./0.png
-71.7312583006949,46.6754382880904,78,80,Insert,EGPLUV-REGARD,4,Continuous,0,25,RP,17.0493341654756,,,,,0,0,,,,,,0,,,,,0,,,,,,,,,,,,,,,,,,,,,0,,,,,0,,0,,0,,0,,,,0,0,0,,0,0,,,./0.png
-71.730909955147,46.6756463843524,79,81,Insert,EGPLUV-REGARD,4,Continuous,0,25,RP,27.9432656157997,,,,,0,0,,,,,,0,,,,,0,,,,,,,,,,,,,,,,,,,,,0,,,,,0,,0,,0,,0,,,,0,0,0,,0,0,,,./0.png
-71.7304973198411,46.6759052897376,80,82,Insert,EGPLUV-REGARD,4,Continuous,0,25,RP,36.742275259588,,,,,0,0,,,,,,0,,,,,0,,,,,,,,,,,,,,,,,,,,,0,,,,,0,,0,,0,,0,,,,0,0,0,,0,0,,,./0.png
-71.7299121675327,46.6762511047258,81,83,Insert,EGPLUV-REGARD,4,Continuous,0,25,RP,31.850406592302,,,,,0,0,,,,,,0,,,,,0,,,,,,,,,,,,,,,,,,,,,0,,,,,0,,0,,0,,0,,,,0,0,0,,0,0,,,./0.png
-71.7296428248711,46.6739426992015,82,85,Insert,EGPLUV-REGARD,4,Continuous,0,25,RP,27.7992772136755,,,,,0,0,,,,,,0,,,,,0,,,,,,,,,,,,,,,,,,,,,0,,,,,0,,0,,0,,0,,,,0,0,0,,0,0,,,./0.png
-71.731761457722,46.6849454148517,83,86,Insert,EGPLUV-REGARD,4,Continuous,0,25,RP,41.0620319282112,,,,,0,0,,,,,,0,,,,,0,,,,,,,,,,,,,,,,,,,,,0,,,,,0,,0,,0,,0,,,,0,0,0,,0,0,,,./0.png
-71.7318531138197,46.6848692678673,84,87,Insert,EGPLUV-REGARD,4,Continuous,0,25,RP,70.7751794891677,,,,,0,0,,,,,,0,,,,,0,,,,,,,,,,,,,,,,,,,,,0,,,,,0,,0,,0,,0,,,,0,0,0,,0,0,,,./0.png
-71.7292974672303,46.6813137926298,85,88,Insert,EGPLUV-REGARD,4,Continuous,0,25,RP,0,,,,,0,0,,,,,,0,,,,,0,,,,,,,,,,,,,,,,,,,,,0,,,,,0,,0,,0,,0,,,,0,0,0,,0,0,,,./0.png
-71.7292046067865,46.6817568845374,86,89,Insert,EGPLUV-REGARD,4,Continuous,0,25,RP,174.64600115802,,,,,0,0,,,,,,0,,,,,0,,,,,,,,,,,,,,,,,,,,,0,,,,,0,,0,,0,,0,,,,0,0,0,,0,0,,,./0.png
-71.7291447273085,46.6819536345431,87,90,Insert,EGPLUV-REGARD,4,Continuous,0,25,RP,354.656864481064,,,,,0,0,,,,,,0,,,,,0,,,,,,,,,,,,,,,,,,,,,0,,,,,0,,0,,0,,0,,,,0,0,0,,0,0,,,./0.png
-71.7293657581947,46.6807978752548,88,91,Insert,EGPLUV-REGARD,4,Continuous,0,25,RP,164.689340265518,,,,,0,0,,,,,,0,,,,,0,,,,,,,,,,,,,,,,,,,,,0,,,,,0,,0,,0,,0,,,,0,0,0,,0,0,,,./0.png
-71.7295496098626,46.6807802655548,89,92,Insert,EGPLUV-REGARD,4,Continuous,0,25,RP,157.248811697919,,,,,0,0,,,,,,0,,,,,0,,,,,,,,,,,,,,,,,,,,,0,,,,,0,,0,,0,,0,,,,0,0,0,,0,0,,,./0.png
-71.7292879169117,46.6743251234521,90,93,Insert,EGPLUV-REGARD,4,Continuous,0,25,RP,0,,,,,0,0,,,,,,0,,,,,0,,,,,,,,,,,,,,,,,,,,,0,,,,,0,,0,,0,,0,,,,0,0,0,,0,0,,,./0.png
-71.729166286185,46.6743492440112,91,94,Insert,EGPLUV-REGARD,4,Continuous,0,25,RP,0,,,,,0,0,,,,,,0,,,,,0,,,,,,,,,,,,,,,,,,,,,0,,,,,0,,0,,0,,0,,,,0,0,0,,0,0,,,./0.png
-71.7280816974092,46.6747688636255,92,95,Insert,EGPLUV-REGARD,4,Continuous,0,25,RP,0,,,,,0,0,,,,,,0,,,,,0,,,,,,,,,,,,,,,,,,,,,0,,,,,0,,0,,0,,0,,,,0,0,0,,0,0,,,./0.png
-71.7273538528519,46.6749058130564,93,96,Insert,EGPLUV-REGARD,4,Continuous,0,25,RP,342.077830887643,,,,,0,0,,,,,,0,,,,,0,,,,,,,,,,,,,,,,,,,,,0,,,,,0,,0,,0,,0,,,,0,0,0,,0,0,,,./0.png
-71.7258942250776,46.6749013780793,94,97,Insert,EGPLUV-REGARD,4,Continuous,0,25,RP,13.4052815586436,,,,,0,0,,,,,,0,,,,,0,,,,,,,,,,,,,,,,,,,,,0,,,,,0,,0,,0,,0,,,,0,0,0,,0,0,,,./0.png
-71.7246900943671,46.6748746743325,95,98,Insert,EGPLUV-REGARD,4,Continuous,0,25,RP,0,,,,,0,0,,,,,,0,,,,,0,,,,,,,,,,,,,,,,,,,,,0,,,,,0,,0,,0,,0,,,,0,0,0,,0,0,,,./0.png
-71.7235453294418,46.6748327043535,96,99,Insert,EGPLUV-REGARD,4,Continuous,0,25,RP,0,,,,,0,0,,,,,,0,,,,,0,,,,,,,,,,,,,,,,,,,,,0,,,,,0,,0,,0,,0,,,,0,0,0,,0,0,,,./0.png
-71.7233157044699,46.6747832775823,97,100,Insert,EGPLUV-REGARD,4,Continuous,0,25,RP,0,,,,,0,0,,,,,,0,,,,,0,,,,,,,,,,,,,,,,,,,,,0,,,,,0,,0,,0,,0,,,,0,0,0,,0,0,,,./0.png
-71.7222941719496,46.6746307648054,98,101,Insert,EGPLUV-REGARD,4,Continuous,0,25,RP,0,,,,,0,0,,,,,,0,,,,,0,,,,,,,,,,,,,,,,,,,,,0,,,,,0,,0,,0,,0,,,,0,0,0,,0,0,,,./0.png
-71.721086602568,46.6743795222534,99,102,Insert,EGPLUV-REGARD,4,Continuous,0,25,RP,0,,,,,0,0,,,,,,0,,,,,0,,,,,,,,,,,,,,,,,,,,,0,,,,,0,,0,,0,,0,,,,0,0,0,,0,0,,,./0.png
-71.7199965773271,46.6742385737315,100,103,Insert,EGPLUV-REGARD,4,Continuous,0,25,RP,313.335098757196,,,,,0,0,,,,,,0,,,,,0,,,,,,,,,,,,,,,,,,,,,0,,,,,0,,0,,0,,0,,,,0,0,0,,0,0,,,./0.png
-71.7188408295027,46.6741272970996,101,104,Insert,EGPLUV-REGARD,4,Continuous,0,25,RP,0,,,,,0,0,,,,,,0,,,,,0,,,,,,,,,,,,,,,,,,,,,0,,,,,0,,0,,0,,0,,,,0,0,0,,0,0,,,./0.png
-71.7176191240206,46.6740389114448,102,105,Insert,EGPLUV-REGARD,4,Continuous,0,25,RP,351.259743671401,,,,,0,0,,,,,,0,,,,,0,,,,,,,,,,,,,,,,,,,,,0,,,,,0,,0,,0,,0,,,,0,0,0,,0,0,,,./0.png
-71.7162970604294,46.6739449059349,103,106,Insert,EGPLUV-REGARD,4,Continuous,0,25,RP,355.808710610922,,,,,0,0,,,,,,0,,,,,0,,,,,,,,,,,,,,,,,,,,,0,,,,,0,,0,,0,,0,,,,0,0,0,,0,0,,,./0.png
-71.7148435714663,46.673852029279,104,107,Insert,EGPLUV-REGARD,4,Continuous,0,25,RP,343.950427354103,,,,,0,0,,,,,,0,,,,,0,,,,,,,,,,,,,,,,,,,,,0,,,,,0,,0,,0,,0,,,,0,0,0,,0,0,,,./0.png
-71.7140649990756,46.6738023466161,105,108,Insert,EGPLUV-REGARD,4,Continuous,0,25,RP,354.293093659242,,,,,0,0,,,,,,0,,,,,0,,,,,,,,,,,,,,,,,,,,,0,,,,,0,,0,,0,,0,,,,0,0,0,,0,0,,,./0.png
-71.7126748818346,46.6737360388627,106,109,Insert,EGPLUV-REGARD,4,Continuous,0,25,RP,359.045683632364,,,,,0,0,,,,,,0,,,,,0,,,,,,,,,,,,,,,,,,,,,0,,,,,0,,0,,0,,0,,,,0,0,0,,0,0,,,./0.png
-71.7115092517331,46.6736870319854,107,110,Insert,EGPLUV-REGARD,4,Continuous,0,25,RP,342.729523152949,,,,,0,0,,,,,,0,,,,,0,,,,,,,,,,,,,,,,,,,,,0,,,,,0,,0,,0,,0,,,,0,0,0,,0,0,,,./0.png
-71.7113482501695,46.6736769957203,108,111,Insert,EGPLUV-REGARD,4,Continuous,0,25,RP,211.987174722079,,,,,0,0,,,,,,0,,,,,0,,,,,,,,,,,,,,,,,,,,,0,,,,,0,,0,,0,,0,,,,0,0,0,,0,0,,,./0.png
-71.7101135829011,46.6736677151686,109,112,Insert,EGPLUV-REGARD,4,Continuous,0,25,RP,337.847493099312,,,,,0,0,,,,,,0,,,,,0,,,,,,,,,,,,,,,,,,,,,0,,,,,0,,0,,0,,0,,,,0,0,0,,0,0,,,./0.png
-71.7087439063671,46.6728684671702,110,113,Insert,EGPLUV-REGARD,4,Continuous,0,25,RP,28.2559944133953,,,,,0,0,,,,,,0,,,,,0,,,,,,,,,,,,,,,,,,,,,0,,,,,0,,0,,0,,0,,,,0,0,0,,0,0,,,./0.png
-71.7090130820165,46.6736589318386,111,114,Insert,EGPLUV-REGARD,4,Continuous,0,25,RP,342.65744973574,,,,,0,0,,,,,,0,,,,,0,,,,,,,,,,,,,,,,,,,,,0,,,,,0,,0,,0,,0,,,,0,0,0,,0,0,,,./0.png
-71.7084782712948,46.6736704990136,112,115,Insert,EGPLUV-REGARD,4,Continuous,0,25,RP,358.340828438724,,,,,0,0,,,,,,0,,,,,0,,,,,,,,,,,,,,,,,,,,,0,,,,,0,,0,,0,,0,,,,0,0,0,,0,0,,,./0.png
-71.7075500531193,46.6737566419559,113,116,Insert,EGPLUV-REGARD,4,Continuous,0,25,RP,335.710438296623,,,,,0,0,,,,,,0,,,,,0,,,,,,,,,,,,,,,,,,,,,0,,,,,0,,0,,0,,0,,,,0,0,0,,0,0,,,./0.png
-71.7072133508704,46.673634130638,114,117,Insert,EGPLUV-REGARD,4,Continuous,0,25,RP,355.033808967375,,,,,0,0,,,,,,0,,,,,0,,,,,,,,,,,,,,,,,,,,,0,,,,,0,,0,,0,,0,,,,0,0,0,,0,0,,,./0.png
-71.7062694851203,46.6737306924526,115,118,Insert,EGPLUV-REGARD,4,Continuous,0,25,RP,4.57064834034433,,,,,0,0,,,,,,0,,,,,0,,,,,,,,,,,,,,,,,,,,,0,,,,,0,,0,,0,,0,,,,0,0,0,,0,0,,,./0.png
-71.7051324167581,46.6737306366851,116,119,Insert,EGPLUV-REGARD,4,Continuous,0,25,RP,3.09198588738014,,,,,0,0,,,,,,0,,,,,0,,,,,,,,,,,,,,,,,,,,,0,,,,,0,,0,,0,,0,,,,0,0,0,,0,0,,,./0.png
-71.7035786544337,46.6737489982125,117,120,Insert,EGPLUV-REGARD,4,Continuous,0,25,RP,0.841837142715023,,,,,0,0,,,,,,0,,,,,0,,,,,,,,,,,,,,,,,,,,,0,,,,,0,,0,,0,,0,,,,0,0,0,,0,0,,,./0.png
-71.703302064361,46.673749901042,118,121,Insert,EGPLUV-REGARD,4,Continuous,0,25,RP,4.87591948049423,,,,,0,0,,,,,,0,,,,,0,,,,,,,,,,,,,,,,,,,,,0,,,,,0,,0,,0,,0,,,,0,0,0,,0,0,,,./0.png
-71.7072998154598,46.6737505172098,119,122,Insert,EGPLUV-REGARD,4,Continuous,0,25,RP,8.96658645821873,,,,,0,0,,,,,,0,,,,,0,,,,,,,,,,,,,,,,,,,,,0,,,,,0,,0,,0,,0,,,,0,0,0,,0,0,,,./0.png
-71.7114371093793,46.6736221512244,120,123,Insert,EGPLUV-REGARD,4,Continuous,0,25,RP,29.7278518524285,,,,,0,0,,,,,,0,,,,,0,,,,,,,,,,,,,,,,,,,,,0,,,,,0,,0,,0,,0,,,,0,0,0,,0,0,,,./0.png
-71.7065914168486,46.6735159625757,121,124,Insert,EGPLUV-REGARD,4,Continuous,0,25,RP,357.438906014123,,,,,0,0,,,,,,0,,,,,0,,,,,,,,,,,,,,,,,,,,,0,,,,,0,,0,,0,,0,,,,0,0,0,,0,0,,,./0.png
-71.7062325351138,46.6733298246575,122,125,Insert,EGPLUV-REGARD,4,Continuous,0,25,RP,12.6907827725429,,,,,0,0,,,,,,0,,,,,0,,,,,,,,,,,,,,,,,,,,,0,,,,,0,,0,,0,,0,,,,0,0,0,,0,0,,,./0.png
-71.7290158096186,46.6823915880671,123,126,Insert,EGPLUV-REGARD,4,Continuous,0,25,RP,41.6228324486592,,,,,0,0,,,,,,0,,,,,0,,,,,,,,,,,,,,,,,,,,,0,,,,,0,,0,,0,,0,,,,0,0,0,,0,0,,,./0.png
-71.7289007760401,46.682931721189,124,127,Insert,EGPLUV-REGARD,4,Continuous,0,25,RP,42.3373060298904,,,,,0,0,,,,,,0,,,,,0,,,,,,,,,,,,,,,,,,,,,0,,,,,0,,0,,0,,0,,,,0,0,0,,0,0,,,./0.png
-71.7288876110873,46.6823749941694,125,128,Insert,EGPLUV-REGARD,4,Continuous,0,25,RP,42.8385042221666,,,,,0,0,,,,,,0,,,,,0,,,,,,,,,,,,,,,,,,,,,0,,,,,0,,0,,0,,0,,,,0,0,0,,0,0,,,./0.png
-71.7266314926953,46.6832445413725,126,129,Insert,EGPLUV-REGARD,4,Continuous,0,25,RP,267.517703309902,,,,,0,0,,,,,,0,,,,,0,,,,,,,,,,,,,,,,,,,,,0,,,,,0,,0,,0,,0,,,,0,0,0,,0,0,,,./0.png
-71.7268715831405,46.6822224790465,127,130,Insert,EGPLUV-REGARD,4,Continuous,0,25,RP,87.654292301147,,,,,0,0,,,,,,0,,,,,0,,,,,,,,,,,,,,,,,,,,,0,,,,,0,,0,,0,,0,,,,0,0,0,,0,0,,,./0.png
-71.7267337647593,46.6827619327362,128,131,Insert,EGPLUV-REGARD,4,Continuous,0,25,RP,26.1836842551058,,,,,0,0,,,,,,0,,,,,0,,,,,,,,,,,,,,,,,,,,,0,,,,,0,,0,,0,,0,,,,0,0,0,,0,0,,,./0.png
-71.7262598284697,46.6817284505298,129,132,Insert,EGPLUV-REGARD,4,Continuous,0,25,RP,34.1413679610674,,,,,0,0,,,,,,0,,,,,0,,,,,,,,,,,,,,,,,,,,,0,,,,,0,,0,,0,,0,,,,0,0,0,,0,0,,,./0.png
-71.7248820508595,46.6815858262071,130,133,Insert,EGPLUV-REGARD,4,Continuous,0,25,RP,8.46584054833817,,,,,0,0,,,,,,0,,,,,0,,,,,,,,,,,,,,,,,,,,,0,,,,,0,,0,,0,,0,,,,0,0,0,,0,0,,,./0.png
-71.7173391753932,46.6803545317801,131,134,Insert,EGPLUV-REGARD,4,Continuous,0,25,RP,22.2352327790607,,,,,0,0,,,,,,0,,,,,0,,,,,,,,,,,,,,,,,,,,,0,,,,,0,,0,,0,,0,,,,0,0,0,,0,0,,,./0.png
-71.7247669095579,46.6820244475719,132,135,Insert,EGPLUV-REGARD,4,Continuous,0,25,RP,23.4521317456714,,,,,0,0,,,,,,0,,,,,0,,,,,,,,,,,,,,,,,,,,,0,,,,,0,,0,,0,,0,,,,0,0,0,,0,0,,,./0.png
-71.7274876245934,46.6818169667005,133,136,Insert,EGPLUV-REGARD,4,Continuous,0,25,RP,15.7180132417308,,,,,0,0,,,,,,0,,,,,0,,,,,,,,,,,,,,,,,,,,,0,,,,,0,,0,,0,,0,,,,0,0,0,,0,0,,,./0.png
-71.7279346334969,46.6822901368865,134,137,Insert,EGPLUV-REGARD,4,Continuous,0,25,RP,359.710151231234,,,,,0,0,,,,,,0,,,,,0,,,,,,,,,,,,,,,,,,,,,0,,,,,0,,0,,0,,0,,,,0,0,0,,0,0,,,./0.png
-71.725203955879,46.6820467912336,135,138,Insert,EGPLUV-REGARD,4,Continuous,0,25,RP,33.2169841083236,,,,,0,0,,,,,,0,,,,,0,,,,,,,,,,,,,,,,,,,,,0,,,,,0,,0,,0,,0,,,,0,0,0,,0,0,,,./0.png
-71.728649134736,46.6823743029457,136,139,Insert,EGPLUV-REGARD,4,Continuous,0,25,RP,14.8859576451734,,,,,0,0,,,,,,0,,,,,0,,,,,,,,,,,,,,,,,,,,,0,,,,,0,,0,,0,,0,,,,0,0,0,,0,0,,,./0.png
-71.7283490573637,46.6811281364122,137,140,Insert,EGPLUV-REGARD,4,Continuous,0,25,RP,11.0626744622379,,,,,0,0,,,,,,0,,,,,0,,,,,,,,,,,,,,,,,,,,,0,,,,,0,,0,,0,,0,,,,0,0,0,,0,0,,,./0.png
-71.7286903431556,46.6769577293852,138,141,Insert,EGPLUV-REGARD,4,Continuous,0,25,RP,233.048806680859,,,,,0,0,,,,,,0,,,,,0,,,,,,,,,,,,,,,,,,,,,0,,,,,0,,0,,0,,0,,,,0,0,0,,0,0,,,./0.png
-71.7289611480543,46.6728365591172,139,142,Insert,EGPLUV-REGARD,4,Continuous,0,25,RP,17.1928621229618,,,,,0,0,,,,,,0,,,,,0,,,,,,,,,,,,,,,,,,,,,0,,,,,0,,0,,0,,0,,,,0,0,0,,0,0,,,./0.png
-71.7284178081422,46.6742302473716,140,143,Insert,EGPLUV-REGARD,4,Continuous,0,25,RP,315.531890766873,,,,,0,0,,,,,,0,,,,,0,,,,,,,,,,,,,,,,,,,,,0,,,,,0,,0,,0,,0,,,,0,0,0,,0,0,,,./0.png
-71.727735803411,46.6736087383975,141,144,Insert,EGPLUV-REGARD,4,Continuous,0,25,RP,29.8316455483555,,,,,0,0,,,,,,0,,,,,0,,,,,,,,,,,,,,,,,,,,,0,,,,,0,,0,,0,,0,,,,0,0,0,,0,0,,,./0.png
-71.7276251820604,46.6735190173784,142,146,Insert,EGPLUV-REGARD,4,Continuous,0,25,RP,355.44017138324,,,,,0,0,,,,,,0,,,,,0,,,,,,,,,,,,,,,,,,,,,0,,,,,0,,0,,0,,0,,,,0,0,0,,0,0,,,./0.png
-71.7265215978652,46.6731822680315,143,147,Insert,EGPLUV-REGARD,4,Continuous,0,25,RP,27.9791755646902,,,,,0,0,,,,,,0,,,,,0,,,,,,,,,,,,,,,,,,,,,0,,,,,0,,0,,0,,0,,,,0,0,0,,0,0,,,./0.png
-71.7284457134577,46.6731901818874,144,148,Insert,EGPLUV-REGARD,4,Continuous,0,25,RP,9.1756218651243,,,,,0,0,,,,,,0,,,,,0,,,,,,,,,,,,,,,,,,,,,0,,,,,0,,0,,0,,0,,,,0,0,0,,0,0,,,./0.png
-71.7291211044145,46.6737420999248,145,149,Insert,EGPLUV-REGARD,4,Continuous,0,25,RP,32.0413846698761,,,,,0,0,,,,,,0,,,,,0,,,,,,,,,,,,,,,,,,,,,0,,,,,0,,0,,0,,0,,,,0,0,0,,0,0,,,./0.png
-71.7263412945842,46.6698540105456,146,150,Insert,EGPLUV-REGARD,4,Continuous,0,25,RP,10.8223439391118,,,,,0,0,,,,,,0,,,,,0,,,,,,,,,,,,,,,,,,,,,0,,,,,0,,0,,0,,0,,,,0,0,0,,0,0,,,./0.png
-71.7288403973079,46.66963233097,147,151,Insert,EGPLUV-REGARD,4,Continuous,0,25,RP,22.4855153712652,,,,,0,0,,,,,,0,,,,,0,,,,,,,,,,,,,,,,,,,,,0,,,,,0,,0,,0,,0,,,,0,0,0,,0,0,,,./0.png
-71.7234225906189,46.6760569629934,148,152,Insert,EGPLUV-REGARD,4,Continuous,0,25,RP,31.5033916975165,,,,,0,0,,,,,,0,,,,,0,,,,,,,,,,,,,,,,,,,,,0,,,,,0,,0,,0,,0,,,,0,0,0,,0,0,,,./0.png
-71.723209639215,46.6755407084427,149,153,Insert,EGPLUV-REGARD,4,Continuous,0,25,RP,29.123303682413,,,,,0,0,,,,,,0,,,,,0,,,,,,,,,,,,,,,,,,,,,0,,,,,0,,0,,0,,0,,,,0,0,0,,0,0,,,./0.png
-71.7232161565691,46.675260154361,150,154,Insert,EGPLUV-REGARD,4,Continuous,0,25,RP,12.8318262624352,,,,,0,0,,,,,,0,,,,,0,,,,,,,,,,,,,,,,,,,,,0,,,,,0,,0,,0,,0,,,,0,0,0,,0,0,,,./0.png
-71.7232880125897,46.6749457129175,151,155,Insert,EGPLUV-REGARD,4,Continuous,0,25,RP,21.314559451898,,,,,0,0,,,,,,0,,,,,0,,,,,,,,,,,,,,,,,,,,,0,,,,,0,,0,,0,,0,,,,0,0,0,,0,0,,,./0.png
-71.7233857990604,46.6749278102822,152,156,Insert,EGPLUV-REGARD,4,Continuous,0,25,RP,36.2514064666405,,,,,0,0,,,,,,0,,,,,0,,,,,,,,,,,,,,,,,,,,,0,,,,,0,,0,,0,,0,,,,0,0,0,,0,0,,,./0.png
-71.7230954565727,46.6753536544726,153,157,Insert,EGPLUV-REGARD,4,Continuous,0,25,RP,21.2347067960561,,,,,0,0,,,,,,0,,,,,0,,,,,,,,,,,,,,,,,,,,,0,,,,,0,,0,,0,,0,,,,0,0,0,,0,0,,,./0.png
-71.7229123932825,46.6744841040589,154,158,Insert,EGPLUV-REGARD,4,Continuous,0,25,RP,23.5602189304167,,,,,0,0,,,,,,0,,,,,0,,,,,,,,,,,,,,,,,,,,,0,,,,,0,,0,,0,,0,,,,0,0,0,,0,0,,,./0.png
-71.7222841617324,46.6739819223978,155,159,Insert,EGPLUV-REGARD,4,Continuous,0,25,RP,0.891526886806016,,,,,0,0,,,,,,0,,,,,0,,,,,,,,,,,,,,,,,,,,,0,,,,,0,,0,,0,,0,,,,0,0,0,,0,0,,,./0.png
-71.7220289443564,46.6737647595128,156,160,Insert,EGPLUV-REGARD,4,Continuous,0,25,RP,8.7769646938962,,,,,0,0,,,,,,0,,,,,0,,,,,,,,,,,,,,,,,,,,,0,,,,,0,,0,,0,,0,,,,0,0,0,,0,0,,,./0.png
-71.7216067287342,46.6734025504839,157,161,Insert,EGPLUV-REGARD,4,Continuous,0,25,RP,14.158361643392,,,,,0,0,,,,,,0,,,,,0,,,,,,,,,,,,,,,,,,,,,0,,,,,0,,0,,0,,0,,,,0,0,0,,0,0,,,./0.png
-71.7215874779442,46.6734474596877,158,162,Insert,EGPLUV-REGARD,4,Continuous,0,25,RP,14.158361643392,,,,,0,0,,,,,,0,,,,,0,,,,,,,,,,,,,,,,,,,,,0,,,,,0,,0,,0,,0,,,,0,0,0,,0,0,,,./0.png
-71.7209908785025,46.672923104881,159,163,Insert,EGPLUV-REGARD,4,Continuous,0,25,RP,0.138585837354761,,,,,0,0,,,,,,0,,,,,0,,,,,,,,,,,,,,,,,,,,,0,,,,,0,,0,,0,,0,,,,0,0,0,,0,0,,,./0.png
-71.7202678707795,46.6723599564283,160,164,Insert,EGPLUV-REGARD,4,Continuous,0,25,RP,356.859242779802,,,,,0,0,,,,,,0,,,,,0,,,,,,,,,,,,,,,,,,,,,0,,,,,0,,0,,0,,0,,,,0,0,0,,0,0,,,./0.png
-71.7202464807375,46.6724004420629,161,165,Insert,EGPLUV-REGARD,4,Continuous,0,25,RP,356.859242779802,,,,,0,0,,,,,,0,,,,,0,,,,,,,,,,,,,,,,,,,,,0,,,,,0,,0,,0,,0,,,,0,0,0,,0,0,,,./0.png
-71.7200580804836,46.672192373008,162,166,Insert,EGPLUV-REGARD,4,Continuous,0,25,RP,351.660618060476,,,,,0,0,,,,,,0,,,,,0,,,,,,,,,,,,,,,,,,,,,0,,,,,0,,0,,0,,0,,,,0,0,0,,0,0,,,./0.png
-71.7183627977375,46.6724743251476,163,167,Insert,EGPLUV-REGARD,4,Continuous,0,25,RP,283.81396551065,,,,,0,0,,,,,,0,,,,,0,,,,,,,,,,,,,,,,,,,,,0,,,,,0,,0,,0,,0,,,,0,0,0,,0,0,,,./0.png
-71.7197365412163,46.6725649644036,164,168,Insert,EGPLUV-REGARD,4,Continuous,0,25,RP,18.4134372557788,,,,,0,0,,,,,,0,,,,,0,,,,,,,,,,,,,,,,,,,,,0,,,,,0,,0,,0,,0,,,,0,0,0,,0,0,,,./0.png
-71.719977669382,46.6721218548802,165,169,Insert,EGPLUV-REGARD,4,Continuous,0,25,RP,37.8964261168228,,,,,0,0,,,,,,0,,,,,0,,,,,,,,,,,,,,,,,,,,,0,,,,,0,,0,,0,,0,,,,0,0,0,,0,0,,,./0.png
-71.7067576452779,46.6724777531101,166,170,Insert,EGPLUV-REGARD,4,Continuous,0,25,RP,13.0207184660433,,,,,0,0,,,,,,0,,,,,0,,,,,,,,,,,,,,,,,,,,,0,,,,,0,,0,,0,,0,,,,0,0,0,,0,0,,,./0.png
-71.7049868258092,46.6698038987272,167,171,Insert,EGPLUV-REGARD,4,Continuous,0,25,RP,18.4346930651384,,,,,0,0,,,,,,0,,,,,0,,,,,,,,,,,,,,,,,,,,,0,,,,,0,,0,,0,,0,,,,0,0,0,,0,0,,,./0.png
-71.7292979797927,46.6824218616023,168,172,Insert,EGPLUV-REGARD,4,Continuous,0,25,RP,10.4845045706324,,,,,0,0,,,,,,0,,,,,0,,,,,,,,,,,,,,,,,,,,,0,,,,,0,,0,,0,,0,,,,0,0,0,,0,0,,,./0.png
-71.7019141204058,46.6737179007177,169,173,Insert,EGPLUV-REGARD,4,Continuous,0,25,RP,351.148037149929,,,,,0,0,,,,,,0,,,,,0,,,,,,,,,,,,,,,,,,,,,0,,,,,0,,0,,0,,0,,,,0,0,0,,0,0,,,./0.png
-71.7006498686258,46.6736581165159,170,174,Insert,EGPLUV-REGARD,4,Continuous,0,25,RP,346.939428636808,,,,,0,0,,,,,,0,,,,,0,,,,,,,,,,,,,,,,,,,,,0,,,,,0,,0,,0,,0,,,,0,0,0,,0,0,,,./0.png
-71.7246253909252,46.6848147262427,171,175,Insert,EGPLUV-REGARD,4,Continuous,0,25,mrpp,40.2824323480661,,,,,0,0,,,,,,0,,,,,0,,,,,,,,,,,,,,,,,,,,,0,,,,,0,,0,,0,,0,,,,0,0,0,,0,0,,,./0.png
-71.7259955257351,46.6843328543573,172,176,Insert,EGPLUV-REGARD,4,Continuous,0,25,mrpp,40.2824323480661,,,,,0,0,,,,,,0,,,,,0,,,,,,,,,,,,,,,,,,,,,0,,,,,0,,0,,0,,0,,,,0,0,0,,0,0,,,./0.png
-71.7264536497737,46.6840018321513,173,177,Insert,EGPLUV-REGARD,4,Continuous,0,25,mrpp,40.2824323480661,,,,,0,0,,,,,,0,,,,,0,,,,,,,,,,,,,,,,,,,,,0,,,,,0,,0,,0,,0,,,,0,0,0,,0,0,,,./0.png
-71.7249058041221,46.6849455845419,174,178,Insert,EGPLUV-REGARD,4,Continuous,0,25,mrpp,40.2824323480661,,,,,0,0,,,,,,0,,,,,0,,,,,,,,,,,,,,,,,,,,,0,,,,,0,,0,,0,,0,,,,0,0,0,,0,0,,,./0.png
-71.7164334831365,46.6778354881846,175,181,Insert,EGPLUV-REGARD,4,Continuous,0,25,MRPLEX,36.7856830820434,,,,,0,0,,,,,,0,,,,,0,,,,,,,,,,,,,,,,,,,,,0,,,,,0,,0,,0,,0,,,,0,0,0,,0,0,,,./0.png
-71.7179697177257,46.6795842597043,176,182,Insert,EGPLUV-REGARD,4,Continuous,0,25,MRPLEX,46.1715729879977,,,,,0,0,,,,,,0,,,,,0,,,,,,,,,,,,,,,,,,,,,0,,,,,0,,0,,0,,0,,,,0,0,0,,0,0,,,./0.png
-71.7198706035543,46.6783822576359,177,183,Insert,EGPLUV-REGARD,4,Continuous,0,25,MRPLEX,13.7077858070288,,,,,0,0,,,,,,0,,,,,0,,,,,,,,,,,,,,,,,,,,,0,,,,,0,,0,,0,,0,,,,0,0,0,,0,0,,,./0.png
-71.7187050702028,46.6771116807295,178,184,Insert,EGPLUV-REGARD,4,Continuous,0,25,MRPLEX,351.601160866348,,,,,0,0,,,,,,0,,,,,0,,,,,,,,,,,,,,,,,,,,,0,,,,,0,,0,,0,,0,,,,0,0,0,,0,0,,,./0.png
-71.7171455620886,46.6783247675211,179,185,Insert,EGPLUV-REGARD,4,Continuous,0,25,MRPUEX,239.50263718497,,,,,0,0,,,,,,0,,,,,0,,,,,,,,,,,,,,,,,,,,,0,,,,,0,,0,,0,,0,,,,0,0,0,,0,0,,,./0.png
-71.7247874766297,46.6718236630241,180,186,Insert,EGPLUV-REGARD,4,Continuous,0,25,RS,358.705673494076,,,,,0,0,,,,,,0,,,,,0,,,,,,,,,,,,,,,,,,,,,0,,,,,0,,0,,0,,0,,,,0,0,0,,0,0,,,./0.png
-71.7244216109251,46.6710148834435,181,187,Insert,EGPLUV-REGARD,4,Continuous,0,25,RS,358.705673494076,,,,,0,0,,,,,,0,,,,,0,,,,,,,,,,,,,,,,,,,,,0,,,,,0,,0,,0,,0,,,,0,0,0,,0,0,,,./0.png
-71.7176958472045,46.6798064450445,182,188,Insert,EGPLUV-REGARD,4,Continuous,0,25,MRDOEX,0,,,,,0,0,,,,,,0,,,,,0,,,,,,,,,,,,,,,,,,,,,0,,,,,0,,0,,0,,0,,,,0,0,0,,0,0,,,./0.png
-71.7158357777352,46.6783973109241,183,189,Insert,EGPLUV-REGARD,4,Continuous,0,25,MRDOEX,0,,,,,0,0,,,,,,0,,,,,0,,,,,,,,,,,,,,,,,,,,,0,,,,,0,,0,,0,,0,,,,0,0,0,,0,0,,,./0.png
-71.713174249557,46.6762938592592,184,190,Insert,EGPLUV-REGARD,4,Continuous,0,25,MRDOEX,0,,,,,0,0,,,,,,0,,,,,0,,,,,,,,,,,,,,,,,,,,,0,,,,,0,,0,,0,,0,,,,0,0,0,,0,0,,,./0.png
-71.7198134935003,46.6772224745711,185,191,Insert,EGPLUV-REGARD,4,Continuous,0,25,MRPLEX,351.601160866348,,,,,0,0,,,,,,0,,,,,0,,,,,,,,,,,,,,,,,,,,,0,,,,,0,,0,,0,,0,,,,0,0,0,,0,0,,,./0.png
-71.721076440213,46.6773502120808,186,192,Insert,EGPLUV-REGARD,4,Continuous,0,25,MRPLEX,351.601160866348,,,,,0,0,,,,,,0,,,,,0,,,,,,,,,,,,,,,,,,,,,0,,,,,0,,0,,0,,0,,,,0,0,0,,0,0,,,./0.png
-71.7217458428123,46.6772997091281,187,193,Insert,EGPLUV-REGARD,4,Continuous,0,25,MRPLEX,351.601160866348,,,,,0,0,,,,,,0,,,,,0,,,,,,,,,,,,,,,,,,,,,0,,,,,0,,0,,0,,0,,,,0,0,0,,0,0,,,./0.png
-71.7222029355255,46.6767567646845,188,194,Insert,EGPLUV-REGARD,4,Continuous,0,25,MRPLEX,351.601160866348,,,,,0,0,,,,,,0,,,,,0,,,,,,,,,,,,,,,,,,,,,0,,,,,0,,0,,0,,0,,,,0,0,0,,0,0,,,./0.png
-71.7225177702407,46.6761655345765,189,195,Insert,EGPLUV-REGARD,4,Continuous,0,25,MRPLEX,351.601160866348,,,,,0,0,,,,,,0,,,,,0,,,,,,,,,,,,,,,,,,,,,0,,,,,0,,0,,0,,0,,,,0,0,0,,0,0,,,./0.png
-71.7223650707385,46.6761577045538,190,196,Insert,EGPLUV-REGARD,4,Continuous,0,25,MRPLEX,351.601160866348,,,,,0,0,,,,,,0,,,,,0,,,,,,,,,,,,,,,,,,,,,0,,,,,0,,0,,0,,0,,,,0,0,0,,0,0,,,./0.png
-71.7154227158223,46.6769991587096,191,197,Insert,EGPLUV-REGARD,4,Continuous,0,25,MRPLEX,36.7856830820434,,,,,0,0,,,,,,0,,,,,0,,,,,,,,,,,,,,,,,,,,,0,,,,,0,,0,,0,,0,,,,0,0,0,,0,0,,,./0.png
-71.7146297708913,46.6763686242829,192,198,Insert,EGPLUV-REGARD,4,Continuous,0,25,MRPLEX,36.7856830820434,,,,,0,0,,,,,,0,,,,,0,,,,,,,,,,,,,,,,,,,,,0,,,,,0,,0,,0,,0,,,,0,0,0,,0,0,,,./0.png
-71.7138335978214,46.6757487476943,193,199,Insert,EGPLUV-REGARD,4,Continuous,0,25,MRPLEX,36.7856830820434,,,,,0,0,,,,,,0,,,,,0,,,,,,,,,,,,,,,,,,,,,0,,,,,0,,0,,0,,0,,,,0,0,0,,0,0,,,./0.png
-71.7141217023606,46.6747293463041,194,200,Insert,EGPLUV-REGARD,4,Continuous,0,25,MRDOEX,0,,,,,0,0,,,,,,0,,,,,0,,,,,,,,,,,,,,,,,,,,,0,,,,,0,,0,,0,,0,,,,0,0,0,,0,0,,,./0.png
-71.7156921365466,46.6748751575876,195,201,Insert,EGPLUV-REGARD,4,Continuous,0,25,MRDOEX,0,,,,,0,0,,,,,,0,,,,,0,,,,,,,,,,,,,,,,,,,,,0,,,,,0,,0,,0,,0,,,,0,0,0,,0,0,,,./0.png
-71.7131801023435,46.6746784350864,196,202,Insert,EGPLUV-REGARD,4,Continuous,0,25,MRDOEX,0,,,,,0,0,,,,,,0,,,,,0,,,,,,,,,,,,,,,,,,,,,0,,,,,0,,0,,0,,0,,,,0,0,0,,0,0,,,./0.png
-71.7119903108556,46.6746804620678,197,203,Insert,EGPLUV-REGARD,4,Continuous,0,25,MRDOEX,0,,,,,0,0,,,,,,0,,,,,0,,,,,,,,,,,,,,,,,,,,,0,,,,,0,,0,,0,,0,,,,0,0,0,,0,0,,,./0.png
-71.7131137716209,46.6751462413619,198,204,Insert,EGPLUV-REGARD,4,Continuous,0,25,MRDOEX,0,,,,,0,0,,,,,,0,,,,,0,,,,,,,,,,,,,,,,,,,,,0,,,,,0,,0,,0,,0,,,,0,0,0,,0,0,,,./0.png
-71.7235000639106,46.6761940291678,199,205,Insert,EGPLUV-REGARD,4,Continuous,0,25,RP,31.5033916975165,,,,,0,0,,,,,,0,,,,,0,,,,,,,,,,,,,,,,,,,,,0,,,,,0,,0,,0,,0,,,,0,0,0,,0,0,,,./0.png
-71.7214925508095,46.6755828011129,200,206,Insert,EGPLUV-REGARD,4,Continuous,0,25,MRPLEX,351.601160866348,,,,,0,0,,,,,,0,,,,,0,,,,,,,,,,,,,,,,,,,,,0,,,,,0,,0,,0,,0,,,,0,0,0,,0,0,,,./0.png
-71.7203587854308,46.6753251234565,201,207,Insert,EGPLUV-REGARD,4,Continuous,0,25,MRPLEX,351.601160866348,,,,,0,0,,,,,,0,,,,,0,,,,,,,,,,,,,,,,,,,,,0,,,,,0,,0,,0,,0,,,,0,0,0,,0,0,,,./0.png
-71.7193696629669,46.6752421016271,202,208,Insert,EGPLUV-REGARD,4,Continuous,0,25,MRPLEX,351.601160866348,,,,,0,0,,,,,,0,,,,,0,,,,,,,,,,,,,,,,,,,,,0,,,,,0,,0,,0,,0,,,,0,0,0,,0,0,,,./0.png
-71.7208268071286,46.6754317359002,203,209,Insert,EGPLUV-REGARD,4,Continuous,0,25,MRPLEX,351.601160866348,,,,,0,0,,,,,,0,,,,,0,,,,,,,,,,,,,,,,,,,,,0,,,,,0,,0,,0,,0,,,,0,0,0,,0,0,,,./0.png
-71.7208058841688,46.6754985045693,204,210,Insert,EGPLUV-REGARD,4,Continuous,0,25,MRPLEX,351.601160866348,,,,,0,0,,,,,,0,,,,,0,,,,,,,,,,,,,,,,,,,,,0,,,,,0,,0,,0,,0,,,,0,0,0,,0,0,,,./0.png
-71.7180819543113,46.6750789719656,205,211,Insert,EGPLUV-REGARD,4,Continuous,0,25,MRDOEX,0,,,,,0,0,,,,,,0,,,,,0,,,,,,,,,,,,,,,,,,,,,0,,,,,0,,0,,0,,0,,,,0,0,0,,0,0,,,./0.png
-71.7187720075281,46.6786125090733,206,212,Insert,EGPLUV-REGARD,4,Continuous,0,25,MRPLEX,13.7077858070288,,,,,0,0,,,,,,0,,,,,0,,,,,,,,,,,,,,,,,,,,,0,,,,,0,,0,,0,,0,,,,0,0,0,,0,0,,,./0.png
-71.7206942710117,46.6779255115594,207,213,Insert,EGPLUV-REGARD,4,Continuous,0,25,MRPLEX,351.601160866348,,,,,0,0,,,,,,0,,,,,0,,,,,,,,,,,,,,,,,,,,,0,,,,,0,,0,,0,,0,,,,0,0,0,,0,0,,,./0.png
-71.7209677020639,46.6776987562424,208,214,Insert,EGPLUV-REGARD,4,Continuous,0,25,MRPLEX,351.601160866348,,,,,0,0,,,,,,0,,,,,0,,,,,,,,,,,,,,,,,,,,,0,,,,,0,,0,,0,,0,,,,0,0,0,,0,0,,,./0.png
-71.7207513024157,46.6760313368731,209,215,Insert,EGPLUV-REGARD,4,Continuous,0,25,MRPLEX,351.601160866348,,,,,0,0,,,,,,0,,,,,0,,,,,,,,,,,,,,,,,,,,,0,,,,,0,,0,,0,,0,,,,0,0,0,,0,0,,,./0.png
-71.7197788682786,46.6759283713759,210,216,Insert,EGPLUV-REGARD,4,Continuous,0,25,MRPLEX,351.601160866348,,,,,0,0,,,,,,0,,,,,0,,,,,,,,,,,,,,,,,,,,,0,,,,,0,,0,,0,,0,,,,0,0,0,,0,0,,,./0.png
-71.7182230117948,46.6794704067037,211,217,Insert,EGPLUV-REGARD,4,Continuous,0,25,MRPLEX,46.1715729879977,,,,,0,0,,,,,,0,,,,,0,,,,,,,,,,,,,,,,,,,,,0,,,,,0,,0,,0,,0,,,,0,0,0,,0,0,,,./0.png
-71.7185107709608,46.679342501092,212,218,Insert,EGPLUV-REGARD,4,Continuous,0,25,MRPLEX,46.1715729879977,,,,,0,0,,,,,,0,,,,,0,,,,,,,,,,,,,,,,,,,,,0,,,,,0,,0,,0,,0,,,,0,0,0,,0,0,,,./0.png
-71.7180688356032,46.67851564093,213,219,Insert,EGPLUV-REGARD,4,Continuous,0,25,MRPLEX,13.7077858070288,,,,,0,0,,,,,,0,,,,,0,,,,,,,,,,,,,,,,,,,,,0,,,,,0,,0,,0,,0,,,,0,0,0,,0,0,,,./0.png
-71.7172458744101,46.677807176006,214,220,Insert,EGPLUV-REGARD,4,Continuous,0,25,MRPLEX,13.7077858070288,,,,,0,0,,,,,,0,,,,,0,,,,,,,,,,,,,,,,,,,,,0,,,,,0,,0,,0,,0,,,,0,0,0,,0,0,,,./0.png
-71.7168877476595,46.6779924927932,215,221,Insert,EGPLUV-REGARD,4,Continuous,0,25,MRPLEX,13.7077858070288,,,,,0,0,,,,,,0,,,,,0,,,,,,,,,,,,,,,,,,,,,0,,,,,0,,0,,0,,0,,,,0,0,0,,0,0,,,./0.png
-71.7165580946013,46.6779453463474,216,222,Insert,EGPLUV-REGARD,4,Continuous,0,25,MRPLEX,13.7077858070288,,,,,0,0,,,,,,0,,,,,0,,,,,,,,,,,,,,,,,,,,,0,,,,,0,,0,,0,,0,,,,0,0,0,,0,0,,,./0.png
-71.7176780599357,46.6775441159367,217,223,Insert,EGPLUV-REGARD,4,Continuous,0,25,MRPLEX,13.7077858070288,,,,,0,0,,,,,,0,,,,,0,,,,,,,,,,,,,,,,,,,,,0,,,,,0,,0,,0,,0,,,,0,0,0,,0,0,,,./0.png
-71.717809639143,46.6770374376775,218,224,Insert,EGPLUV-REGARD,4,Continuous,0,25,MRPLEX,13.7077858070288,,,,,0,0,,,,,,0,,,,,0,,,,,,,,,,,,,,,,,,,,,0,,,,,0,,0,,0,,0,,,,0,0,0,,0,0,,,./0.png
-71.7242955755288,46.6758755857377,219,225,Insert,EGPLUV-REGARD,4,Continuous,0,25,RP,31.5033916975165,,,,,0,0,,,,,,0,,,,,0,,,,,,,,,,,,,,,,,,,,,0,,,,,0,,0,,0,,0,,,,0,0,0,,0,0,,,./0.png
-71.7252800389451,46.6757743420017,220,226,Insert,EGPLUV-REGARD,4,Continuous,0,25,RP,31.5033916975165,,,,,0,0,,,,,,0,,,,,0,,,,,,,,,,,,,,,,,,,,,0,,,,,0,,0,,0,,0,,,,0,0,0,,0,0,,,./0.png
-71.7266745037767,46.6758522205499,221,227,Insert,EGPLUV-REGARD,4,Continuous,0,25,RP,31.5033916975165,,,,,0,0,,,,,,0,,,,,0,,,,,,,,,,,,,,,,,,,,,0,,,,,0,,0,,0,,0,,,,0,0,0,,0,0,,,./0.png
-71.7277598890715,46.6762312693469,222,228,Insert,EGPLUV-REGARD,4,Continuous,0,25,RP,31.5033916975165,,,,,0,0,,,,,,0,,,,,0,,,,,,,,,,,,,,,,,,,,,0,,,,,0,,0,,0,,0,,,,0,0,0,,0,0,,,./0.png
-71.7189143512183,46.6758474970262,223,229,Insert,EGPLUV-REGARD,4,Continuous,0,25,MRPLEX,0.0376924124315652,,,,,0,0,,,,,,0,,,,,0,,,,,,,,,,,,,,,,,,,,,0,,,,,0,,0,,0,,0,,,,0,0,0,,0,0,,,./0.png
-71.7185949098656,46.6786485334144,224,230,Insert,EGPLUV-REGARD,4,Continuous,0,25,MRPLEX,18.1093396194892,,,,,0,0,,,,,,0,,,,,0,,,,,,,,,,,,,,,,,,,,,0,,,,,0,,0,,0,,0,,,,0,0,0,,0,0,,,./0.png
-71.7160528914429,46.6775162815812,225,231,Insert,EGPLUV-REGARD,4,Continuous,0,25,MRPLEX,36.0361992614939,,,,,0,0,,,,,,0,,,,,0,,,,,,,,,,,,,,,,,,,,,0,,,,,0,,0,,0,,0,,,,0,0,0,,0,0,,,./0.png
-71.7172014589953,46.6750118639316,226,232,Insert,EGPLUV-REGARD,4,Continuous,0,25,MRDOEX,0,,,,,0,0,,,,,,0,,,,,0,,,,,,,,,,,,,,,,,,,,,0,,,,,0,,0,,0,,0,,,,0,0,0,,0,0,,,./0.png
-71.7170491244188,46.6756902310451,227,233,Insert,EGPLUV-REGARD,4,Continuous,0,25,MRDOEX,0,,,,,0,0,,,,,,0,,,,,0,,,,,,,,,,,,,,,,,,,,,0,,,,,0,,0,,0,,0,,,,0,0,0,,0,0,,,./0.png
-71.7168933603562,46.6764286557209,228,234,Insert,EGPLUV-REGARD,4,Continuous,0,25,MRDOEX,0,,,,,0,0,,,,,,0,,,,,0,,,,,,,,,,,,,,,,,,,,,0,,,,,0,,0,,0,,0,,,,0,0,0,,0,0,,,./0.png
-71.7178576622521,46.6766966689642,229,235,Insert,EGPLUV-REGARD,4,Continuous,0,25,MRDOEX,0,,,,,0,0,,,,,,0,,,,,0,,,,,,,,,,,,,,,,,,,,,0,,,,,0,,0,,0,,0,,,,0,0,0,,0,0,,,./0.png
-71.7178258831719,46.6765260126388,230,236,Insert,EGPLUV-REGARD,4,Continuous,0,25,MRDOEX,0,,,,,0,0,,,,,,0,,,,,0,,,,,,,,,,,,,,,,,,,,,0,,,,,0,,0,,0,,0,,,,0,0,0,,0,0,,,./0.png
-71.7164866336582,46.6772366010013,231,237,Insert,EGPLUV-REGARD,4,Continuous,0,25,MRPLEX,36.0361992614939,,,,,0,0,,,,,,0,,,,,0,,,,,,,,,,,,,,,,,,,,,0,,,,,0,,0,,0,,0,,,,0,0,0,,0,0,,,./0.png
-71.7167722799608,46.6770616589094,232,238,Insert,EGPLUV-REGARD,4,Continuous,0,25,MRPLEX,36.0361992614939,,,,,0,0,,,,,,0,,,,,0,,,,,,,,,,,,,,,,,,,,,0,,,,,0,,0,,0,,0,,,,0,0,0,,0,0,,,./0.png
-71.719320678369,46.6777765438873,233,239,Insert,EGPLUV-REGARD,4,Continuous,0,25,MRPLEX,351.601160866348,,,,,0,0,,,,,,0,,,,,0,,,,,,,,,,,,,,,,,,,,,0,,,,,0,,0,,0,,0,,,,0,0,0,,0,0,,,./0.png
-71.7186023048402,46.6777012269506,234,240,Insert,EGPLUV-REGARD,4,Continuous,0,25,MRPLEX,351.601160866348,,,,,0,0,,,,,,0,,,,,0,,,,,,,,,,,,,,,,,,,,,0,,,,,0,,0,,0,,0,,,,0,0,0,,0,0,,,./0.png
-71.7244604501457,46.6843496298359,235,241,Insert,EGPLUV-REGARD,4,Continuous,0,25,mrpp,40.2824323480661,,,,,0,0,,,,,,0,,,,,0,,,,,,,,,,,,,,,,,,,,,0,,,,,0,,0,,0,,0,,,,0,0,0,,0,0,,,./0.png
-71.7243900320811,46.6835567999386,236,242,Insert,EGPLUV-REGARD,4,Continuous,0,25,mrpp,40.2824323480661,,,,,0,0,,,,,,0,,,,,0,,,,,,,,,,,,,,,,,,,,,0,,,,,0,,0,,0,,0,,,,0,0,0,,0,0,,,./0.png
-71.7233446363477,46.6827254912969,237,243,Insert,EGPLUV-REGARD,4,Continuous,0,25,mrpp,40.2824323480661,,,,,0,0,,,,,,0,,,,,0,,,,,,,,,,,,,,,,,,,,,0,,,,,0,,0,,0,,0,,,,0,0,0,,0,0,,,./0.png
-71.7223774720708,46.6825731176098,238,244,Insert,EGPLUV-REGARD,4,Continuous,0,25,mrpp,40.2824323480661,,,,,0,0,,,,,,0,,,,,0,,,,,,,,,,,,,,,,,,,,,0,,,,,0,,0,,0,,0,,,,0,0,0,,0,0,,,./0.png
-71.7273120990133,46.6711532000147,239,245,Insert,EGPLUV-REGARD,3,Continuous,0,25,MPUR,0.269056024671149,,,,,0,0,,,,,,0,,,,,0,,,,,,,,,,,,,,,,,,,,,0,,,,,0,,0,,0,,0,,,,0,0,0,,0,0,,,./0.png
-71.7138421691264,46.6779849907303,240,246,Insert,EGPLUV-REGARD,4,Continuous,0,25,MRDOEX,0,,,,,0,0,,,,,,0,,,,,0,,,,,,,,,,,,,,,,,,,,,0,,,,,0,,0,,0,,0,,,,0,0,0,,0,0,,,./0.png
-71.721132597291,46.6767392141751,241,247,Insert,EGPLUV-REGARD,4,Continuous,0,25,MRPLEX,351.601160866348,,,,,0,0,,,,,,0,,,,,0,,,,,,,,,,,,,,,,,,,,,0,,,,,0,,0,,0,,0,,,,0,0,0,,0,0,,,./0.png
-71.7215060099698,46.6764870317813,242,248,Insert,EGPLUV-REGARD,4,Continuous,0,25,MRPLEX,351.601160866348,,,,,0,0,,,,,,0,,,,,0,,,,,,,,,,,,,,,,,,,,,0,,,,,0,,0,,0,,0,,,,0,0,0,,0,0,,,./0.png
-71.7198773057565,46.6766151773627,243,249,Insert,EGPLUV-REGARD,4,Continuous,0,25,MRPLEX,351.601160866348,,,,,0,0,,,,,,0,,,,,0,,,,,,,,,,,,,,,,,,,,,0,,,,,0,,0,,0,,0,,,,0,0,0,,0,0,,,./0.png
-71.7188568157238,46.6764895628285,244,250,Insert,EGPLUV-REGARD,4,Continuous,0,25,MRPLEX,351.601160866348,,,,,0,0,,,,,,0,,,,,0,,,,,,,,,,,,,,,,,,,,,0,,,,,0,,0,,0,,0,,,,0,0,0,,0,0,,,./0.png
-71.7175131756935,46.6757268479756,245,251,Insert,EGPLUV-REGARD,4,Continuous,0,25,MRPLEX,351.601160866348,,,,,0,0,,,,,,0,,,,,0,,,,,,,,,,,,,,,,,,,,,0,,,,,0,,0,,0,,0,,,,0,0,0,,0,0,,,./0.png
-71.719811796632,46.6766712421178,246,252,Insert,EGPLUV-REGARD,4,Continuous,0,25,MRPLEX,351.601160866348,,,,,0,0,,,,,,0,,,,,0,,,,,,,,,,,,,,,,,,,,,0,,,,,0,,0,,0,,0,,,,0,0,0,,0,0,,,./0.png
-71.7171992983438,46.6807445018097,247,253,Insert,EGPLUV-REGARD,4,Continuous,0,25,RP,22.2352327790607,,,,,0,0,,,,,,0,,,,,0,,,,,,,,,,,,,,,,,,,,,0,,,,,0,,0,,0,,0,,,,0,0,0,,0,0,,,./0.png
-71.716976242886,46.6812836129561,248,254,Insert,EGPLUV-REGARD,4,Continuous,0,25,RP,22.2352327790607,,,,,0,0,,,,,,0,,,,,0,,,,,,,,,,,,,,,,,,,,,0,,,,,0,,0,,0,,0,,,,0,0,0,,0,0,,,./0.png
-71.7168575762348,46.6815863559177,249,255,Insert,EGPLUV-REGARD,4,Continuous,0,25,RP,22.2352327790607,,,,,0,0,,,,,,0,,,,,0,,,,,,,,,,,,,,,,,,,,,0,,,,,0,,0,,0,,0,,,,0,0,0,,0,0,,,./0.png
-71.716916474339,46.6824919224689,250,256,Insert,EGPLUV-REGARD,4,Continuous,0,25,RP,22.2352327790607,,,,,0,0,,,,,,0,,,,,0,,,,,,,,,,,,,,,,,,,,,0,,,,,0,,0,,0,,0,,,,0,0,0,,0,0,,,./0.png
-71.71788032798,46.6824839943387,251,257,Insert,EGPLUV-REGARD,4,Continuous,0,25,RP,22.2352327790607,,,,,0,0,,,,,,0,,,,,0,,,,,,,,,,,,,,,,,,,,,0,,,,,0,,0,,0,,0,,,,0,0,0,,0,0,,,./0.png
-71.7190359788763,46.682687532899,252,258,Insert,EGPLUV-REGARD,4,Continuous,0,25,RP,22.2352327790607,,,,,0,0,,,,,,0,,,,,0,,,,,,,,,,,,,,,,,,,,,0,,,,,0,,0,,0,,0,,,,0,0,0,,0,0,,,./0.png
-71.7192617724381,46.6828860513459,253,259,Insert,EGPLUV-REGARD,4,Continuous,0,25,RP,22.2352327790607,,,,,0,0,,,,,,0,,,,,0,,,,,,,,,,,,,,,,,,,,,0,,,,,0,,0,,0,,0,,,,0,0,0,,0,0,,,./0.png
-71.7193470810375,46.6837042312236,254,260,Insert,EGPLUV-REGARD,4,Continuous,0,25,RP,22.2352327790607,,,,,0,0,,,,,,0,,,,,0,,,,,,,,,,,,,,,,,,,,,0,,,,,0,,0,,0,,0,,,,0,0,0,,0,0,,,./0.png
-71.7304896591417,46.6834073019311,255,261,Insert,EGPLUV-REGARD,4,Continuous,0,25,RP,41.2820189661577,,,,,0,0,,,,,,0,,,,,0,,,,,,,,,,,,,,,,,,,,,0,,,,,0,,0,,0,,0,,,,0,0,0,,0,0,,,./0.png
-71.7297472927778,46.6830384697509,256,262,Insert,EGPLUV-REGARD,4,Continuous,0,25,RP,41.2820189661577,,,,,0,0,,,,,,0,,,,,0,,,,,,,,,,,,,,,,,,,,,0,,,,,0,,0,,0,,0,,,,0,0,0,,0,0,,,./0.png
-71.6956588548084,46.673881892511,257,263,Insert,EGPLUV-REGARD,4,Continuous,0,25,RP,346.939428636808,,,,,0,0,,,,,,0,,,,,0,,,,,,,,,,,,,,,,,,,,,0,,,,,0,,0,,0,,0,,,,0,0,0,,0,0,,,./0.png
-71.7191380361113,46.6792002067223,258,264,Insert,EGPLUV-REGARD,4,Continuous,0,25,PLU-REG,0,,,,,0,0,,,,,,0,,,,,0,,,,,,,,,,,,,,,,,,,,,0,,,,,0,,0,,0,,0,,,,0,0,0,,0,0,,,./0.png
-71.7193211529271,46.6792249640846,259,265,Insert,EGPLUV-REGARD,4,Continuous,0,25,PLU-REG,0,,,,,0,0,,,,,,0,,,,,0,,,,,,,,,,,,,,,,,,,,,0,,,,,0,,0,,0,,0,,,,0,0,0,,0,0,,,./0.png
-71.7222153664804,46.6779264843609,260,266,Insert,EGPLUV-REGARD,4,Continuous,0,25,PLU-REG,39.4286225095477,,,,,0,0,,,,,,0,,,,,0,,,,,,,,,,,,,,,,,,,,,0,,,,,0,,0,,0,,0,,,,0,0,0,,0,0,,,./0.png
-71.7202083382916,46.6790339935966,261,267,Insert,EGPLUV-REGARD,4,Continuous,0,25,PLU-REG,28.5413576196176,,,,,0,0,,,,,,0,,,,,0,,,,,,,,,,,,,,,,,,,,,0,,,,,0,,0,,0,,0,,,,0,0,0,,0,0,,,./0.png
-71.7212524063053,46.6785349836034,262,268,Insert,EGPLUV-REGARD,4,Continuous,0,25,PLU-REG,37.1268440330939,,,,,0,0,,,,,,0,,,,,0,,,,,,,,,,,,,,,,,,,,,0,,,,,0,,0,,0,,0,,,,0,0,0,,0,0,,,./0.png
-71.7230953725335,46.6773696845429,263,269,Insert,EGPLUV-REGARD,4,Continuous,0,25,PLU-REG,39.4286225095477,,,,,0,0,,,,,,0,,,,,0,,,,,,,,,,,,,,,,,,,,,0,,,,,0,,0,,0,,0,,,,0,0,0,,0,0,,,./0.png
-71.723632800172,46.6766469855357,264,270,Insert,EGPLUV-REGARD,4,Continuous,0,25,PLU-REG,78.8572449805178,,,,,0,0,,,,,,0,,,,,0,,,,,,,,,,,,,,,,,,,,,0,,,,,0,,0,,0,,0,,,,0,0,0,,0,0,,,./0.png
-71.7158993015363,46.6755891949621,265,271,Insert,EGPLUV-REGARD,4,Continuous,0,25,MRDOEX,0,,,,,0,0,,,,,,0,,,,,0,,,,,,,,,,,,,,,,,,,,,0,,,,,0,,0,,0,,0,,,,0,0,0,,0,0,,,./0.png
-71.7144091329185,46.6754579462338,266,272,Insert,EGPLUV-REGARD,4,Continuous,0,25,MRDOEX,0,,,,,0,0,,,,,,0,,,,,0,,,,,,,,,,,,,,,,,,,,,0,,,,,0,,0,,0,,0,,,,0,0,0,,0,0,,,./0.png
-71.7158201780613,46.6760254562591,267,273,Insert,EGPLUV-REGARD,4,Continuous,0,25,MRDOEX,0,,,,,0,0,,,,,,0,,,,,0,,,,,,,,,,,,,,,,,,,,,0,,,,,0,,0,,0,,0,,,,0,0,0,,0,0,,,./0.png
-71.7159477143407,46.6763232114568,268,274,Insert,EGPLUV-REGARD,4,Continuous,0,25,MRDOEX,0,,,,,0,0,,,,,,0,,,,,0,,,,,,,,,,,,,,,,,,,,,0,,,,,0,,0,,0,,0,,,,0,0,0,,0,0,,,./0.png
-71.7158674709325,46.6767063131115,269,275,Insert,EGPLUV-REGARD,4,Continuous,0,25,MRDOEX,0,,,,,0,0,,,,,,0,,,,,0,,,,,,,,,,,,,,,,,,,,,0,,,,,0,,0,,0,,0,,,,0,0,0,,0,0,,,./0.png
-71.73056257489,46.6831490266049,270,276,Insert,EGPLUV-REGARD,4,Continuous,0,25,RP,41.2820189661577,,,,,0,0,,,,,,0,,,,,0,,,,,,,,,,,,,,,,,,,,,0,,,,,0,,0,,0,,0,,,,0,0,0,,0,0,,,./0.png
-71.7152598380429,46.6779342818635,271,277,Insert,EGPLUV-REGARD,4,Continuous,0,25,MRPLEX,310.157543597279,,,,,0,0,,,,,,0,,,,,0,,,,,,,,,,,,,,,,,,,,,0,,,,,0,,0,,0,,0,,,,0,0,0,,0,0,,,./0.png
-71.7162695841471,46.6794806355613,272,278,Insert,EGPLUV-REGARD,4,Continuous,0,25,MRPLEX,250.490145184978,,,,,0,0,,,,,,0,,,,,0,,,,,,,,,,,,,,,,,,,,,0,,,,,0,,0,,0,,0,,,,0,0,0,,0,0,,,./0.png
-71.7119093020107,46.6753447310141,273,279,Insert,EGPLUV-REGARD,4,Continuous,0,25,MRPLEX,310.157543593666,,,,,0,0,,,,,,0,,,,,0,,,,,,,,,,,,,,,,,,,,,0,,,,,0,,0,,0,,0,,,,0,0,0,,0,0,,,./0.png
-71.7117828239312,46.674685551764,274,280,Insert,EGPLUV-REGARD,4,Continuous,0,25,MRPLEX,5.22367928661073,,,,,0,0,,,,,,0,,,,,0,,,,,,,,,,,,,,,,,,,,,0,,,,,0,,0,,0,,0,,,,0,0,0,,0,0,,,./0.png
-71.7115166555304,46.6747060489409,275,281,Insert,EGPLUV-REGARD,4,Continuous,0,25,MRPLEX,185.372243115157,,,,,0,0,,,,,,0,,,,,0,,,,,,,,,,,,,,,,,,,,,0,,,,,0,,0,,0,,0,,,,0,0,0,,0,0,,,./0.png
-71.7146713657511,46.6774659286032,276,282,Insert,EGPLUV-REGARD,4,Continuous,0,25,MRPLEX,310.157543594979,,,,,0,0,,,,,,0,,,,,0,,,,,,,,,,,,,,,,,,,,,0,,,,,0,,0,,0,,0,,,,0,0,0,,0,0,,,./0.png
-71.714009930986,46.6769411185605,277,283,Insert,EGPLUV-REGARD,4,Continuous,0,25,MRPLEX,310.157543593349,,,,,0,0,,,,,,0,,,,,0,,,,,,,,,,,,,,,,,,,,,0,,,,,0,,0,,0,,0,,,,0,0,0,,0,0,,,./0.png
-71.7130976024615,46.6774877577411,278,284,Insert,EGPLUV-REGARD,4,Continuous,0,25,MRPLEX,219.977986830649,,,,,0,0,,,,,,0,,,,,0,,,,,,,,,,,,,,,,,,,,,0,,,,,0,,0,,0,,0,,,,0,0,0,,0,0,,,./0.png
-71.7130070188302,46.6772850298337,279,285,Insert,EGPLUV-REGARD,4,Continuous,0,25,MRPLEX,309.982949514979,,,,,0,0,,,,,,0,,,,,0,,,,,,,,,,,,,,,,,,,,,0,,,,,0,,0,,0,,0,,,,0,0,0,,0,0,,,./0.png
-71.7121092449044,46.6765751801464,280,286,Insert,EGPLUV-REGARD,4,Continuous,0,25,MRPLEX,310.04544783984,,,,,0,0,,,,,,0,,,,,0,,,,,,,,,,,,,,,,,,,,,0,,,,,0,,0,,0,,0,,,,0,0,0,,0,0,,,./0.png
-71.7112612861633,46.6759046943568,281,287,Insert,EGPLUV-REGARD,4,Continuous,0,25,MRPLEX,130.964718817535,,,,,0,0,,,,,,0,,,,,0,,,,,,,,,,,,,,,,,,,,,0,,,,,0,,0,,0,,0,,,,0,0,0,,0,0,,,./0.png
-71.7111791307565,46.6755916552526,282,288,Insert,EGPLUV-REGARD,4,Continuous,0,25,MRPLEX,205.340898919103,,,,,0,0,,,,,,0,,,,,0,,,,,,,,,,,,,,,,,,,,,0,,,,,0,,0,,0,,0,,,,0,0,0,,0,0,,,./0.png
-71.7155539888149,46.6792789148485,283,289,Insert,EGPLUV-REGARD,4,Continuous,0,25,MRPLEX,307.117855291735,,,,,0,0,,,,,,0,,,,,0,,,,,,,,,,,,,,,,,,,,,0,,,,,0,,0,,0,,0,,,,0,0,0,,0,0,,,./0.png
-71.716444929503,46.6788875967568,284,290,Insert,EGPLUV-REGARD,4,Continuous,0,25,MRPLEX,310.157543595092,,,,,0,0,,,,,,0,,,,,0,,,,,,,,,,,,,,,,,,,,,0,,,,,0,,0,,0,,0,,,,0,0,0,,0,0,,,./0.png
-71.7158633543544,46.6793920803612,285,291,Insert,EGPLUV-REGARD,4,Continuous,0,25,MRPLEX,162.006923736649,,,,,0,0,,,,,,0,,,,,0,,,,,,,,,,,,,,,,,,,,,0,,,,,0,,0,,0,,0,,,,0,0,0,,0,0,,,./0.png
-71.7300348047031,46.6797943865449,286,292,Insert,EGPLUV-REGARD,4,Continuous,0,25,RS,332.756162113857,,,,,0,0,,,,,,0,,,,,0,,,,,,,,,,,,,,,,,,,,,0,,,,,0,,0,,0,,0,,,,0,0,0,,0,0,,,./0.png
-71.7298641178009,46.6799379303148,287,293,Insert,EGPLUV-REGARD,4,Continuous,0,25,RS,332.756162113857,,,,,0,0,,,,,,0,,,,,0,,,,,,,,,,,,,,,,,,,,,0,,,,,0,,0,,0,,0,,,,0,0,0,,0,0,,,./0.png
-71.7298564796353,46.6799255421357,288,294,Insert,EGPLUV-REGARD,4,Continuous,0,25,RS,332.756162113857,,,,,0,0,,,,,,0,,,,,0,,,,,,,,,,,,,,,,,,,,,0,,,,,0,,0,,0,,0,,,,0,0,0,,0,0,,,./0.png
-71.7300152348346,46.6797900149183,289,295,Insert,EGPLUV-REGARD,4,Continuous,0,25,RS,332.756162113857,,,,,0,0,,,,,,0,,,,,0,,,,,,,,,,,,,,,,,,,,,0,,,,,0,,0,,0,,0,,,,0,0,0,,0,0,,,./0.png
-71.7294964572634,46.6798850228606,290,296,Insert,EGPLUV-REGARD,4,Continuous,0,25,RS,332.756162113857,,,,,0,0,,,,,,0,,,,,0,,,,,,,,,,,,,,,,,,,,,0,,,,,0,,0,,0,,0,,,,0,0,0,,0,0,,,./0.png
-71.7294831316616,46.679896847226,291,297,Insert,EGPLUV-REGARD,4,Continuous,0,25,RS,332.756162113857,,,,,0,0,,,,,,0,,,,,0,,,,,,,,,,,,,,,,,,,,,0,,,,,0,,0,,0,,0,,,,0,0,0,,0,0,,,./0.png
-71.7289206064968,46.6799309483972,292,298,Insert,EGPLUV-REGARD,4,Continuous,0,25,RS,332.756162113857,,,,,0,0,,,,,,0,,,,,0,,,,,,,,,,,,,,,,,,,,,0,,,,,0,,0,,0,,0,,,,0,0,0,,0,0,,,./0.png
-71.7292335017385,46.6796469378989,293,299,Insert,EGPLUV-REGARD,4,Continuous,0,25,RS,332.756162113857,,,,,0,0,,,,,,0,,,,,0,,,,,,,,,,,,,,,,,,,,,0,,,,,0,,0,,0,,0,,,,0,0,0,,0,0,,,./0.png
-71.728633377776,46.6804809114347,294,300,Insert,EGPLUV-REGARD,4,Continuous,0,25,RS,332.756162113857,,,,,0,0,,,,,,0,,,,,0,,,,,,,,,,,,,,,,,,,,,0,,,,,0,,0,,0,,0,,,,0,0,0,,0,0,,,./0.png
-71.7290718121852,46.6801792631129,295,301,Insert,EGPLUV-REGARD,4,Continuous,0,25,RS,332.756162113857,,,,,0,0,,,,,,0,,,,,0,,,,,,,,,,,,,,,,,,,,,0,,,,,0,,0,,0,,0,,,,0,0,0,,0,0,,,./0.png
-71.7280927710405,46.6802403021199,296,302,Insert,EGPLUV-REGARD,4,Continuous,0,25,RS,332.756162113857,,,,,0,0,,,,,,0,,,,,0,,,,,,,,,,,,,,,,,,,,,0,,,,,0,,0,,0,,0,,,,0,0,0,,0,0,,,./0.png
-71.7280045905195,46.6802014203272,297,303,Insert,EGPLUV-REGARD,4,Continuous,0,25,RS,332.756162113857,,,,,0,0,,,,,,0,,,,,0,,,,,,,,,,,,,,,,,,,,,0,,,,,0,,0,,0,,0,,,,0,0,0,,0,0,,,./0.png
-71.7283083738048,46.680812084294,298,304,Insert,EGPLUV-REGARD,4,Continuous,0,25,RS,332.756162113857,,,,,0,0,,,,,,0,,,,,0,,,,,,,,,,,,,,,,,,,,,0,,,,,0,,0,,0,,0,,,,0,0,0,,0,0,,,./0.png
-71.7282586772657,46.680867603298,299,305,Insert,EGPLUV-REGARD,4,Continuous,0,25,RS,332.756162113857,,,,,0,0,,,,,,0,,,,,0,,,,,,,,,,,,,,,,,,,,,0,,,,,0,,0,,0,,0,,,,0,0,0,,0,0,,,./0.png
-71.7276704739168,46.6806750696479,300,306,Insert,EGPLUV-REGARD,4,Continuous,0,25,RS,332.756162113857,,,,,0,0,,,,,,0,,,,,0,,,,,,,,,,,,,,,,,,,,,0,,,,,0,,0,,0,,0,,,,0,0,0,,0,0,,,./0.png
-71.72909130273,46.6794397256765,301,307,Insert,EGPLUV-REGARD,4,Continuous,0,25,RS,332.756162113857,,,,,0,0,,,,,,0,,,,,0,,,,,,,,,,,,,,,,,,,,,0,,,,,0,,0,,0,,0,,,,0,0,0,,0,0,,,./0.png
-71.7286247950834,46.6795880178275,302,308,Insert,EGPLUV-REGARD,4,Continuous,0,25,RS,332.756162113857,,,,,0,0,,,,,,0,,,,,0,,,,,,,,,,,,,,,,,,,,,0,,,,,0,,0,,0,,0,,,,0,0,0,,0,0,,,./0.png
-71.7281864554565,46.6793957995,303,309,Insert,EGPLUV-REGARD,4,Continuous,0,25,RS,332.756162113857,,,,,0,0,,,,,,0,,,,,0,,,,,,,,,,,,,,,,,,,,,0,,,,,0,,0,,0,,0,,,,0,0,0,,0,0,,,./0.png
-71.7280922797074,46.6793701030081,304,310,Insert,EGPLUV-REGARD,4,Continuous,0,25,RS,332.756162113857,,,,,0,0,,,,,,0,,,,,0,,,,,,,,,,,,,,,,,,,,,0,,,,,0,,0,,0,,0,,,,0,0,0,,0,0,,,./0.png
-71.7291341584008,46.6793605427376,305,311,Insert,EGPLUV-REGARD,4,Continuous,0,25,RS,332.756162113857,,,,,0,0,,,,,,0,,,,,0,,,,,,,,,,,,,,,,,,,,,0,,,,,0,,0,,0,,0,,,,0,0,0,,0,0,,,./0.png
-71.7278822937833,46.6795873871518,306,312,Insert,EGPLUV-REGARD,4,Continuous,0,25,RS,332.756162113857,,,,,0,0,,,,,,0,,,,,0,,,,,,,,,,,,,,,,,,,,,0,,,,,0,,0,,0,,0,,,,0,0,0,,0,0,,,./0.png
-71.7300221694274,46.6799046573361,307,313,Insert,EGPLUV-REGARD,4,Continuous,0,25,RP,136.426291380874,,,,,0,0,,,,,,0,,,,,0,,,,,,,,,,,,,,,,,,,,,0,,,,,0,,0,,0,,0,,,,0,0,0,,0,0,,,./0.png
-71.7270903866586,46.6739721735494,308,314,Insert,EGPLUV-REGARD,4,Continuous,28.1562285883422,25,pluvial exist,38.8880607150584,,,,,0,0,,,,,,0,,,,,0,,,,,,,,,,,,,,,,,,,,,0,,,,,0,,0,,0,,0,,,,0,0,0,,0,0,,,./0.png
-71.726526318662,46.6741044213546,309,315,Insert,EGPLUV-REGARD,4,Continuous,28.4153007315599,25,pluvial exist,0,,,,,0,0,,,,,,0,,,,,0,,,,,,,,,,,,,,,,,,,,,0,,,,,0,,0,,0,,0,,,,0,0,0,,0,0,,,./0.png
-71.7242139058906,46.6740655079466,310,316,Insert,EGPLUV-REGARD,4,Continuous,29.3046846211795,25,pluvial exist,357.846979020486,,,,,0,0,,,,,,0,,,,,0,,,,,,,,,,,,,,,,,,,,,0,,,,,0,,0,,0,,0,,,,0,0,0,,0,0,,,./0.png
-71.7257850626818,46.6740863033601,311,317,Insert,EGPLUV-REGARD,4,Continuous,28.7657458786713,25,pluvial exist,0,,,,,0,0,,,,,,0,,,,,0,,,,,,,,,,,,,,,,,,,,,0,,,,,0,,0,,0,,0,,,,0,0,0,,0,0,,,./0.png
-71.7257614154265,46.6735471575019,312,318,Insert,EGPLUV-REGARD,4,Continuous,27.8180692738684,25,pluvial exist,0,,,,,0,0,,,,,,0,,,,,0,,,,,,,,,,,,,,,,,,,,,0,,,,,0,,0,,0,,0,,,,0,0,0,,0,0,,,./0.png
-71.7181556823918,46.6721468297651,313,319,Insert,EGPLUV-REGARD,4,Continuous,0,25,N-REGPLV-flat-4,0,,,,,0,0,,,,,,0,,,,,0,,,,,,,,,,,,,,,,,,,,,0,,,,,0,,0,,0,,0,,,,0,0,0,,0,0,,,./0.png
-71.7317049204384,46.6842555276084,314,320,Insert,EGPLUV-REGARD,4,Continuous,0,25,RP,49.1653396560927,,,,,0,0,,,,,,0,,,,,0,,,,,,,,,,,,,,,,,,,,,0,,,,,0,,0,,0,,0,,,,0,0,0,,0,0,,,./0.png
-71.7290601275446,46.6834173425329,315,321,Insert,EGPLUV-REGARD,4,Continuous,0,25,RP,41.6228324486592,,,,,0,0,,,,,,0,,,,,0,,,,,,,,,,,,,,,,,,,,,0,,,,,0,,0,,0,,0,,,,0,0,0,,0,0,,,./0.png
-71.7290034139645,46.683559621112,316,322,Insert,EGPLUV-REGARD,4,Continuous,0,25,RP,41.6228324486592,,,,,0,0,,,,,,0,,,,,0,,,,,,,,,,,,,,,,,,,,,0,,,,,0,,0,,0,,0,,,,0,0,0,,0,0,,,./0.png
-71.7300780570482,46.6837145705165,317,323,Insert,EGPLUV-REGARD,4,Continuous,0,25,RP,41.6228324486592,,,,,0,0,,,,,,0,,,,,0,,,,,,,,,,,,,,,,,,,,,0,,,,,0,,0,,0,,0,,,,0,0,0,,0,0,,,./0.png
-71.7314437414956,46.6839111769775,318,324,Insert,EGPLUV-REGARD,4,Continuous,0,25,RP,41.6228324486592,,,,,0,0,,,,,,0,,,,,0,,,,,,,,,,,,,,,,,,,,,0,,,,,0,,0,,0,,0,,,,0,0,0,,0,0,,,./0.png
-71.7340911220771,46.6842952130384,319,325,Insert,EGPLUV-REGARD,4,Continuous,0,25,RP,41.6228324486592,,,,,0,0,,,,,,0,,,,,0,,,,,,,,,,,,,,,,,,,,,0,,,,,0,,0,,0,,0,,,,0,0,0,,0,0,,,./0.png
-71.7182054641756,46.6724727087043,320,326,Insert,EGPLUV-REGARD,4,Continuous,0,25,RP,283.81396551065,,,,,0,0,,,,,,0,,,,,0,,,,,,,,,,,,,,,,,,,,,0,,,,,0,,0,,0,,0,,,,0,0,0,,0,0,,,./0.png
-71.7177117462144,46.6725997261038,321,327,Insert,EGPLUV-REGARD,4,Continuous,0,25,RP,283.81396551065,,,,,0,0,,,,,,0,,,,,0,,,,,,,,,,,,,,,,,,,,,0,,,,,0,,0,,0,,0,,,,0,0,0,,0,0,,,./0.png
-71.718251259317,46.6731768486103,322,328,Insert,EGPLUV-REGARD,4,Continuous,0,25,RP,283.81396551065,,,,,0,0,,,,,,0,,,,,0,,,,,,,,,,,,,,,,,,,,,0,,,,,0,,0,,0,,0,,,,0,0,0,,0,0,,,./0.png
-71.7195384650804,46.6732875357362,323,329,Insert,EGPLUV-REGARD,4,Continuous,0,25,RP,283.81396551065,,,,,0,0,,,,,,0,,,,,0,,,,,,,,,,,,,,,,,,,,,0,,,,,0,,0,,0,,0,,,,0,0,0,,0,0,,,./0.png
-71.7201458195109,46.6734192796505,324,330,Insert,EGPLUV-REGARD,4,Continuous,0,25,RP,283.81396551065,,,,,0,0,,,,,,0,,,,,0,,,,,,,,,,,,,,,,,,,,,0,,,,,0,,0,,0,,0,,,,0,0,0,,0,0,,,./0.png
-71.7208918416448,46.6739558943854,325,331,Insert,EGPLUV-REGARD,4,Continuous,0,25,RP,283.81396551065,,,,,0,0,,,,,,0,,,,,0,,,,,,,,,,,,,,,,,,,,,0,,,,,0,,0,,0,,0,,,,0,0,0,,0,0,,,./0.png
-71.7213232420553,46.6741414199424,326,332,Insert,EGPLUV-REGARD,4,Continuous,0,25,RP,283.81396551065,,,,,0,0,,,,,,0,,,,,0,,,,,,,,,,,,,,,,,,,,,0,,,,,0,,0,,0,,0,,,,0,0,0,,0,0,,,./0.png
-71.7172582049503,46.6727813733666,327,333,Insert,EGPLUV-REGARD,4,Continuous,0,25,RP,283.81396551065,,,,,0,0,,,,,,0,,,,,0,,,,,,,,,,,,,,,,,,,,,0,,,,,0,,0,,0,,0,,,,0,0,0,,0,0,,,./0.png
-71.7167816159533,46.6730839835038,328,334,Insert,EGPLUV-REGARD,4,Continuous,0,25,RP,283.81396551065,,,,,0,0,,,,,,0,,,,,0,,,,,,,,,,,,,,,,,,,,,0,,,,,0,,0,,0,,0,,,,0,0,0,,0,0,,,./0.png
-71.7174524166554,46.6736352311652,329,335,Insert,EGPLUV-REGARD,4,Continuous,0,25,RP,283.81396551065,,,,,0,0,,,,,,0,,,,,0,,,,,,,,,,,,,,,,,,,,,0,,,,,0,,0,,0,,0,,,,0,0,0,,0,0,,,./0.png
-71.7174672834065,46.6739324412829,330,336,Insert,EGPLUV-REGARD,4,Continuous,0,25,RP,283.81396551065,,,,,0,0,,,,,,0,,,,,0,,,,,,,,,,,,,,,,,,,,,0,,,,,0,,0,,0,,0,,,,0,0,0,,0,0,,,./0.png
-71.7165131786401,46.6728792538407,331,337,Insert,EGPLUV-REGARD,4,Continuous,0,25,RP,283.81396551065,,,,,0,0,,,,,,0,,,,,0,,,,,,,,,,,,,,,,,,,,,0,,,,,0,,0,,0,,0,,,,0,0,0,,0,0,,,./0.png
-71.7158986631605,46.6728707651884,332,338,Insert,EGPLUV-REGARD,4,Continuous,0,25,RP,283.81396551065,,,,,0,0,,,,,,0,,,,,0,,,,,,,,,,,,,,,,,,,,,0,,,,,0,,0,,0,,0,,,,0,0,0,,0,0,,,./0.png
-71.7159056042017,46.6732676370354,333,339,Insert,EGPLUV-REGARD,4,Continuous,0,25,RP,283.81396551065,,,,,0,0,,,,,,0,,,,,0,,,,,,,,,,,,,,,,,,,,,0,,,,,0,,0,,0,,0,,,,0,0,0,,0,0,,,./0.png
-71.7150351119363,46.6728634849812,334,340,Insert,EGPLUV-REGARD,4,Continuous,0,25,RP,283.81396551065,,,,,0,0,,,,,,0,,,,,0,,,,,,,,,,,,,,,,,,,,,0,,,,,0,,0,,0,,0,,,,0,0,0,,0,0,,,./0.png
-71.7179127348473,46.6729001487184,335,341,Insert,EGPLUV-REGARD,4,Continuous,0,25,RP,283.81396551065,,,,,0,0,,,,,,0,,,,,0,,,,,,,,,,,,,,,,,,,,,0,,,,,0,,0,,0,,0,,,,0,0,0,,0,0,,,./0.png
-71.7290158096186,46.6823915880671,336,342,Insert,EGPLUV-REGARD,4,Continuous,0,25,RP,41.6228324822847,,,,,0,0,,,,,,0,,,,,0,,,,,,,,,,,,,,,,,,,,,0,,,,,0,,0,,0,,0,,,,0,0,0,,0,0,,,./0.png
-71.7288876110873,46.6823749941694,337,343,Insert,EGPLUV-REGARD,4,Continuous,0,25,RP,42.8385042432652,,,,,0,0,,,,,,0,,,,,0,,,,,,,,,,,,,,,,,,,,,0,,,,,0,,0,,0,,0,,,,0,0,0,,0,0,,,./0.png
-71.728649134736,46.6823743029457,338,344,Insert,EGPLUV-REGARD,4,Continuous,0,25,RP,14.8859576399311,,,,,0,0,,,,,,0,,,,,0,,,,,,,,,,,,,,,,,,,,,0,,,,,0,,0,,0,,0,,,,0,0,0,,0,0,,,./0.png
-71.7292979797927,46.6824218616023,339,345,Insert,EGPLUV-REGARD,4,Continuous,0,25,RP,10.4845045966298,,,,,0,0,,,,,,0,,,,,0,,,,,,,,,,,,,,,,,,,,,0,,,,,0,,0,,0,,0,,,,0,0,0,,0,0,,,./0.png
-71.7275441366303,46.6858197913496,340,346,Insert,EGPLUV-REGARD,44,Continuous,0,25,R-E-EGO-PLU-REG,333.515995293079,,,,,0,0,,,,,,0,,,,,0,,,,,,,,,,,,,,,,,,,,,0,,,,,0,,0,,0,,0,,,,0,0,0,,0,0,,,./0.png
-71.7273233623088,46.6861877468024,341,347,Insert,EGPLUV-REGARD,44,Continuous,0,25,R-E-EGO-PLU-REG,336.705059521164,,,,,0,0,,,,,,0,,,,,0,,,,,,,,,,,,,,,,,,,,,0,,,,,0,,0,,0,,0,,,,0,0,0,,0,0,,,./0.png
-71.7254769568636,46.6880781419398,342,348,Insert,EGPLUV-REGARD,94,Continuous,0,25,R-E-EGO-REG,0,,,,,0,0,,,,,,0,,,,,0,,,,,,,,,,,,,,,,,,,,,0,,,,,0,,0,,0,,0,,,,0,0,0,,0,0,,,./0.png
-71.7318510289126,46.6848691634607,343,349,Insert,EGPLUV-REGARD,4,Continuous,0,25,RP,70.7751794843256,,,,,0,0,,,,,,0,,,,,0,,,,,,,,,,,,,,,,,,,,,0,,,,,0,,0,,0,,0,,,,0,0,0,,0,0,,,./0.png
-71.7317593728121,46.6849453104435,344,350,Insert,EGPLUV-REGARD,4,Continuous,0,25,RP,41.0620319336841,,,,,0,0,,,,,,0,,,,,0,,,,,,,,,,,,,,,,,,,,,0,,,,,0,,0,,0,,0,,,,0,0,0,,0,0,,,./0.png
-71.7345519208209,46.6843594378213,345,351,Insert,EGPLUV-REGARD,4,Continuous,0,25,RP,41.6228324486592,,,,,0,0,,,,,,0,,,,,0,,,,,,,,,,,,,,,,,,,,,0,,,,,0,,0,,0,,0,,,,0,0,0,,0,0,,,./0.png
-71.7360578150975,46.6846086629232,346,352,Insert,EGPLUV-REGARD,4,Continuous,0,25,RP,41.6228324486592,,,,,0,0,,,,,,0,,,,,0,,,,,,,,,,,,,,,,,,,,,0,,,,,0,,0,,0,,0,,,,0,0,0,,0,0,,,./0.png
-71.7364519637398,46.6847902016063,347,353,Insert,EGPLUV-REGARD,4,Continuous,0,25,RP,41.6228324486592,,,,,0,0,,,,,,0,,,,,0,,,,,,,,,,,,,,,,,,,,,0,,,,,0,,0,,0,,0,,,,0,0,0,,0,0,,,./0.png
-71.7329529717244,46.684130272699,348,354,Insert,EGPLUV-REGARD,4,Continuous,0,25,RP,41.6228324486592,,,,,0,0,,,,,,0,,,,,0,,,,,,,,,,,,,,,,,,,,,0,,,,,0,,0,,0,,0,,,,0,0,0,,0,0,,,./0.png
-71.7412910641196,46.6763938952769,349,355,Insert,EGPLUV-REGARD,4,Continuous,0,25,RP,0,,,,,0,0,,,,,,0,,,,,0,,,,,,,,,,,,,,,,,,,,,0,,,,,0,,0,,0,,0,,,,0,0,0,,0,0,,,./0.png
-71.740984828629,46.6761778704435,350,356,Insert,EGPLUV-REGARD,4,Continuous,0,25,RP,0,,,,,0,0,,,,,,0,,,,,0,,,,,,,,,,,,,,,,,,,,,0,,,,,0,,0,,0,,0,,,,0,0,0,,0,0,,,./0.png
-71.7049887261042,46.6698044481209,351,357,Insert,EGPLUV-REGARD,4,Continuous,0,25,R-E-EGO-PLU-REG,0,,,,,0,0,,,,,,0,,,,,0,,,,,,,,,,,,,,,,,,,,,0,,,,,0,,0,,0,,0,,,,0,0,0,,0,0,,,./0.png
-71.7257572024638,46.6725749519288,352,358,Insert,EGPLUV-REGARD,4,Continuous,0,25,RP,27.9791755646902,,,,,0,0,,,,,,0,,,,,0,,,,,,,,,,,,,,,,,,,,,0,,,,,0,,0,,0,,0,,,,0,0,0,,0,0,,,./0.png
-71.7245935384653,46.6732334008318,353,359,Insert,EGPLUV-REGARD,4,Continuous,0,25,RP,27.9791755646902,,,,,0,0,,,,,,0,,,,,0,,,,,,,,,,,,,,,,,,,,,0,,,,,0,,0,,0,,0,,,,0,0,0,,0,0,,,./0.png
-71.7243374340003,46.6732460069398,354,360,Insert,EGPLUV-REGARD,4,Continuous,0,25,RP,27.9791755646902,,,,,0,0,,,,,,0,,,,,0,,,,,,,,,,,,,,,,,,,,,0,,,,,0,,0,,0,,0,,,,0,0,0,,0,0,,,./0.png
-71.7232642545974,46.6723886998302,355,361,Insert,EGPLUV-REGARD,4,Continuous,0,25,RP,27.9791755646902,,,,,0,0,,,,,,0,,,,,0,,,,,,,,,,,,,,,,,,,,,0,,,,,0,,0,,0,,0,,,,0,0,0,,0,0,,,./0.png
-71.7234150684239,46.6719352666484,356,362,Insert,EGPLUV-REGARD,4,Continuous,0,25,RP,27.9791755646902,,,,,0,0,,,,,,0,,,,,0,,,,,,,,,,,,,,,,,,,,,0,,,,,0,,0,,0,,0,,,,0,0,0,,0,0,,,./0.png
-71.724640270498,46.6721671540573,357,363,Insert,EGPLUV-REGARD,4,Continuous,0,25,RP,27.9791755646902,,,,,0,0,,,,,,0,,,,,0,,,,,,,,,,,,,,,,,,,,,0,,,,,0,,0,,0,,0,,,,0,0,0,,0,0,,,./0.png
-71.7247829825621,46.6721577852141,358,364,Insert,EGPLUV-REGARD,4,Continuous,0,25,RP,27.9791755646902,,,,,0,0,,,,,,0,,,,,0,,,,,,,,,,,,,,,,,,,,,0,,,,,0,,0,,0,,0,,,,0,0,0,,0,0,,,./0.png
-71.7250024752081,46.6720289303802,359,365,Insert,EGPLUV-REGARD,4,Continuous,0,25,RP,27.9791755646902,,,,,0,0,,,,,,0,,,,,0,,,,,,,,,,,,,,,,,,,,,0,,,,,0,,0,,0,,0,,,,0,0,0,,0,0,,,./0.png
-71.7250766501613,46.6720330967278,360,366,Insert,EGPLUV-REGARD,4,Continuous,0,25,RP,27.9791755646902,,,,,0,0,,,,,,0,,,,,0,,,,,,,,,,,,,,,,,,,,,0,,,,,0,,0,,0,,0,,,,0,0,0,,0,0,,,./0.png
-71.7235654206411,46.6715584894419,361,367,Insert,EGPLUV-REGARD,4,Continuous,0,25,RP,27.9791755646902,,,,,0,0,,,,,,0,,,,,0,,,,,,,,,,,,,,,,,,,,,0,,,,,0,,0,,0,,0,,,,0,0,0,,0,0,,,./0.png
-71.7234330194605,46.6712589114914,362,368,Insert,EGPLUV-REGARD,4,Continuous,0,25,RP,27.9791755646902,,,,,0,0,,,,,,0,,,,,0,,,,,,,,,,,,,,,,,,,,,0,,,,,0,,0,,0,,0,,,,0,0,0,,0,0,,,./0.png
-71.7231301556932,46.6710065072123,363,369,Insert,EGPLUV-REGARD,4,Continuous,0,25,RP,27.9791755646902,,,,,0,0,,,,,,0,,,,,0,,,,,,,,,,,,,,,,,,,,,0,,,,,0,,0,,0,,0,,,,0,0,0,,0,0,,,./0.png
-71.7221614260956,46.6708534216759,364,370,Insert,EGPLUV-REGARD,4,Continuous,0,25,RP,27.9791755646902,,,,,0,0,,,,,,0,,,,,0,,,,,,,,,,,,,,,,,,,,,0,,,,,0,,0,,0,,0,,,,0,0,0,,0,0,,,./0.png
-71.7216160960087,46.6708934167854,365,371,Insert,EGPLUV-REGARD,4,Continuous,0,25,RP,27.9791755646902,,,,,0,0,,,,,,0,,,,,0,,,,,,,,,,,,,,,,,,,,,0,,,,,0,,0,,0,,0,,,,0,0,0,,0,0,,,./0.png
-71.7216359744535,46.6711264680569,366,372,Insert,EGPLUV-REGARD,4,Continuous,0,25,RP,27.9791755646902,,,,,0,0,,,,,,0,,,,,0,,,,,,,,,,,,,,,,,,,,,0,,,,,0,,0,,0,,0,,,,0,0,0,,0,0,,,./0.png
-71.7215174006028,46.6715753552182,367,373,Insert,EGPLUV-REGARD,4,Continuous,0,25,RP,27.9791755646902,,,,,0,0,,,,,,0,,,,,0,,,,,,,,,,,,,,,,,,,,,0,,,,,0,,0,,0,,0,,,,0,0,0,,0,0,,,./0.png
-71.7224823209815,46.6717582527899,368,374,Insert,EGPLUV-REGARD,4,Continuous,0,25,RP,27.9791755646902,,,,,0,0,,,,,,0,,,,,0,,,,,,,,,,,,,,,,,,,,,0,,,,,0,,0,,0,,0,,,,0,0,0,,0,0,,,./0.png
-71.7214181542542,46.6718558583895,369,375,Insert,EGPLUV-REGARD,4,Continuous,0,25,RP,27.9791755646902,,,,,0,0,,,,,,0,,,,,0,,,,,,,,,,,,,,,,,,,,,0,,,,,0,,0,,0,,0,,,,0,0,0,,0,0,,,./0.png
-71.720944628391,46.6714644067604,370,376,Insert,EGPLUV-REGARD,4,Continuous,0,25,RP,27.9791755646902,,,,,0,0,,,,,,0,,,,,0,,,,,,,,,,,,,,,,,,,,,0,,,,,0,,0,,0,,0,,,,0,0,0,,0,0,,,./0.png
-71.7214550567213,46.6702152713286,371,377,Insert,EGPLUV-REGARD,4,Continuous,0,25,RP,27.9791755646902,,,,,0,0,,,,,,0,,,,,0,,,,,,,,,,,,,,,,,,,,,0,,,,,0,,0,,0,,0,,,,0,0,0,,0,0,,,./0.png
-71.7217880759827,46.6699875523764,372,378,Insert,EGPLUV-REGARD,4,Continuous,0,25,RP,27.9791755646902,,,,,0,0,,,,,,0,,,,,0,,,,,,,,,,,,,,,,,,,,,0,,,,,0,,0,,0,,0,,,,0,0,0,,0,0,,,./0.png
-71.7229961948872,46.6700869204976,373,379,Insert,EGPLUV-REGARD,4,Continuous,0,25,RP,27.9791755646902,,,,,0,0,,,,,,0,,,,,0,,,,,,,,,,,,,,,,,,,,,0,,,,,0,,0,,0,,0,,,,0,0,0,,0,0,,,./0.png
-71.7236076363846,46.6703779689425,374,380,Insert,EGPLUV-REGARD,4,Continuous,0,25,RP,27.9791755646902,,,,,0,0,,,,,,0,,,,,0,,,,,,,,,,,,,,,,,,,,,0,,,,,0,,0,,0,,0,,,,0,0,0,,0,0,,,./0.png
-71.7216506135945,46.671213898452,375,381,Insert,EGPLUV-REGARD,4,Continuous,0,25,RP,27.9791755646902,,,,,0,0,,,,,,0,,,,,0,,,,,,,,,,,,,,,,,,,,,0,,,,,0,,0,,0,,0,,,,0,0,0,,0,0,,,./0.png
-71.7199407902978,46.6699455701549,376,382,Insert,EGPLUV-REGARD,4,Continuous,0,25,RP,27.9791755646902,,,,,0,0,,,,,,0,,,,,0,,,,,,,,,,,,,,,,,,,,,0,,,,,0,,0,,0,,0,,,,0,0,0,,0,0,,,./0.png
-71.7051949232385,46.6701848861058,377,383,Insert,EGPLUV-REGARD,4,Continuous,0,25,RP,18.4346930651384,,,,,0,0,,,,,,0,,,,,0,,,,,,,,,,,,,,,,,,,,,0,,,,,0,,0,,0,,0,,,,0,0,0,,0,0,,,./0.png
-71.7050431794158,46.6704602859984,378,384,Insert,EGPLUV-REGARD,4,Continuous,0,25,RP,18.4346930651384,,,,,0,0,,,,,,0,,,,,0,,,,,,,,,,,,,,,,,,,,,0,,,,,0,,0,,0,,0,,,,0,0,0,,0,0,,,./0.png
-71.7050810991129,46.6705741476466,379,385,Insert,EGPLUV-REGARD,4,Continuous,0,25,RP,18.4346930651384,,,,,0,0,,,,,,0,,,,,0,,,,,,,,,,,,,,,,,,,,,0,,,,,0,,0,,0,,0,,,,0,0,0,,0,0,,,./0.png
-71.7058038611567,46.6711603066477,380,386,Insert,EGPLUV-REGARD,4,Continuous,0,25,RP,18.4346930651384,,,,,0,0,,,,,,0,,,,,0,,,,,,,,,,,,,,,,,,,,,0,,,,,0,,0,,0,,0,,,,0,0,0,,0,0,,,./0.png
-71.7067323085619,46.671882289324,381,387,Insert,EGPLUV-REGARD,4,Continuous,0,25,RP,18.4346930651384,,,,,0,0,,,,,,0,,,,,0,,,,,,,,,,,,,,,,,,,,,0,,,,,0,,0,,0,,0,,,,0,0,0,,0,0,,,./0.png
-71.7063380899933,46.6721098307273,382,388,Insert,EGPLUV-REGARD,4,Continuous,0,25,RP,18.4346930651384,,,,,0,0,,,,,,0,,,,,0,,,,,,,,,,,,,,,,,,,,,0,,,,,0,,0,,0,,0,,,,0,0,0,,0,0,,,./0.png
-71.7065860795284,46.6717683690831,383,389,Insert,EGPLUV-REGARD,4,Continuous,0,25,RP,18.4346930651384,,,,,0,0,,,,,,0,,,,,0,,,,,,,,,,,,,,,,,,,,,0,,,,,0,,0,,0,,0,,,,0,0,0,,0,0,,,./0.png
-71.7074411994774,46.6738408717586,384,390,Insert,EGPLUV-REGARD,4,Continuous,0,25,RP,335.710438296623,,,,,0,0,,,,,,0,,,,,0,,,,,,,,,,,,,,,,,,,,,0,,,,,0,,0,,0,,0,,,,0,0,0,,0,0,,,./0.png
-71.7153998808027,46.6825924806047,385,391,Insert,EGPLUV-REGARD,4,Continuous,0,25,RP,22.2352327790607,,,,,0,0,,,,,,0,,,,,0,,,,,,,,,,,,,,,,,,,,,0,,,,,0,,0,,0,,0,,,,0,0,0,,0,0,,,./0.png
-71.7240013970543,46.6739686198332,386,392,Insert,EGPLUV-REGARD,4,Continuous,29.3046846211795,25,pluvial exist,357.846979020486,,,,,0,0,,,,,,0,,,,,0,,,,,,,,,,,,,,,,,,,,,0,,,,,0,,0,,0,,0,,,,0,0,0,,0,0,,,./0.png
-71.7237727394828,46.673871905424,387,393,Insert,EGPLUV-REGARD,4,Continuous,29.3046846211795,25,pluvial exist,357.846979020486,,,,,0,0,,,,,,0,,,,,0,,,,,,,,,,,,,,,,,,,,,0,,,,,0,,0,,0,,0,,,,0,0,0,,0,0,,,./0.png
-71.7227459143982,46.6730487470672,388,394,Insert,EGPLUV-REGARD,4,Continuous,29.3046846211795,25,pluvial exist,357.846979020486,,,,,0,0,,,,,,0,,,,,0,,,,,,,,,,,,,,,,,,,,,0,,,,,0,,0,,0,,0,,,,0,0,0,,0,0,,,./0.png
-71.7217204059636,46.6722406563415,389,395,Insert,EGPLUV-REGARD,4,Continuous,29.3046846211795,25,pluvial exist,357.846979020486,,,,,0,0,,,,,,0,,,,,0,,,,,,,,,,,,,,,,,,,,,0,,,,,0,,0,,0,,0,,,,0,0,0,,0,0,,,./0.png
-71.7215417056573,46.6721057515909,390,396,Insert,EGPLUV-REGARD,4,Continuous,29.3046846211795,25,pluvial exist,357.846979020486,,,,,0,0,,,,,,0,,,,,0,,,,,,,,,,,,,,,,,,,,,0,,,,,0,,0,,0,,0,,,,0,0,0,,0,0,,,./0.png
-71.7245851652288,46.6839437354138,391,397,Insert,EGPLUV-REGARD,14,Continuous,0,0,Group-314,0,,,,,0,0,,,,,,0,,,,,0,,,,,,,,,,,,,,,,,,,,,0,,,,,0,,0,,0,,0,,,,0,0,0,,0,0,,,./0.png
-71.7245851652288,46.6839437354138,392,398,Insert,EGPLUV-REGARD,14,Continuous,0,0,Group-348,0,,,,,0,0,,,,,,0,,,,,0,,,,,,,,,,,,,,,,,,,,,0,,,,,0,,0,,0,,0,,,,0,0,0,,0,0,,,./0.png
-71.7392146049048,46.6751801673582,393,399,Insert,EGPLUV-REGARD,4,Continuous,0,25,R-E-EGO-DOM-REG,0,,,,,0,0,,,,,,0,,,,,0,,,,,,,,,,,,,,,,,,,,,0,,,,,0,,0,,0,,0,,,,0,0,0,,0,0,,,./0.png
-71.7149436418307,46.6728914610442,394,400,Insert,EGPLUV-REGARD,4,Continuous,0,25,RP,283.81396551065,,,,,0,0,,,,,,0,,,,,0,,,,,,,,,,,,,,,,,,,,,0,,,,,0,,0,,0,,0,,,,0,0,0,,0,0,,,./0.png
-71.7146515166009,46.672978215395,395,401,Insert,EGPLUV-REGARD,4,Continuous,0,25,RP,283.81396551065,,,,,0,0,,,,,,0,,,,,0,,,,,,,,,,,,,,,,,,,,,0,,,,,0,,0,,0,,0,,,,0,0,0,,0,0,,,./0.png
-71.714951404659,46.6735599405247,396,402,Insert,EGPLUV-REGARD,4,Continuous,0,25,RP,283.81396551065,,,,,0,0,,,,,,0,,,,,0,,,,,,,,,,,,,,,,,,,,,0,,,,,0,,0,,0,,0,,,,0,0,0,,0,0,,,./0.png
-71.7136943644558,46.6731296522713,397,403,Insert,EGPLUV-REGARD,4,Continuous,0,25,RP,283.81396551065,,,,,0,0,,,,,,0,,,,,0,,,,,,,,,,,,,,,,,,,,,0,,,,,0,,0,,0,,0,,,,0,0,0,,0,0,,,./0.png
-71.7136065361015,46.6731191317969,398,404,Insert,EGPLUV-REGARD,4,Continuous,0,25,RP,283.81396551065,,,,,0,0,,,,,,0,,,,,0,,,,,,,,,,,,,,,,,,,,,0,,,,,0,,0,,0,,0,,,,0,0,0,,0,0,,,./0.png
-71.7136424306287,46.6734621440179,399,405,Insert,EGPLUV-REGARD,4,Continuous,0,25,RP,283.81396551065,,,,,0,0,,,,,,0,,,,,0,,,,,,,,,,,,,,,,,,,,,0,,,,,0,,0,,0,,0,,,,0,0,0,,0,0,,,./0.png
-71.7135768481645,46.6734585365482,400,406,Insert,EGPLUV-REGARD,4,Continuous,0,25,RP,283.81396551065,,,,,0,0,,,,,,0,,,,,0,,,,,,,,,,,,,,,,,,,,,0,,,,,0,,0,,0,,0,,,,0,0,0,,0,0,,,./0.png
-71.7130969456714,46.6730567010439,401,407,Insert,EGPLUV-REGARD,4,Continuous,0,25,RP,283.81396551065,,,,,0,0,,,,,,0,,,,,0,,,,,,,,,,,,,,,,,,,,,0,,,,,0,,0,,0,,0,,,,0,0,0,,0,0,,,./0.png
-71.712594155412,46.6729822655281,402,408,Insert,EGPLUV-REGARD,4,Continuous,0,25,RP,283.81396551065,,,,,0,0,,,,,,0,,,,,0,,,,,,,,,,,,,,,,,,,,,0,,,,,0,,0,,0,,0,,,,0,0,0,,0,0,,,./0.png
-71.7121325181889,46.6727390726098,403,409,Insert,EGPLUV-REGARD,4,Continuous,0,25,RP,283.81396551065,,,,,0,0,,,,,,0,,,,,0,,,,,,,,,,,,,,,,,,,,,0,,,,,0,,0,,0,,0,,,,0,0,0,,0,0,,,./0.png
-71.7120141436317,46.6726087299301,404,410,Insert,EGPLUV-REGARD,4,Continuous,0,25,RP,283.81396551065,,,,,0,0,,,,,,0,,,,,0,,,,,,,,,,,,,,,,,,,,,0,,,,,0,,0,,0,,0,,,,0,0,0,,0,0,,,./0.png
-71.7118123690624,46.6723352220311,405,411,Insert,EGPLUV-REGARD,4,Continuous,0,25,RP,283.81396551065,,,,,0,0,,,,,,0,,,,,0,,,,,,,,,,,,,,,,,,,,,0,,,,,0,,0,,0,,0,,,,0,0,0,,0,0,,,./0.png
-71.7117406717898,46.6722283595468,406,412,Insert,EGPLUV-REGARD,4,Continuous,0,25,RP,283.81396551065,,,,,0,0,,,,,,0,,,,,0,,,,,,,,,,,,,,,,,,,,,0,,,,,0,,0,,0,,0,,,,0,0,0,,0,0,,,./0.png
-71.7113887549791,46.6717070138251,407,413,Insert,EGPLUV-REGARD,4,Continuous,0,25,RP,283.81396551065,,,,,0,0,,,,,,0,,,,,0,,,,,,,,,,,,,,,,,,,,,0,,,,,0,,0,,0,,0,,,,0,0,0,,0,0,,,./0.png
-71.7121489050444,46.6714676324109,408,414,Insert,EGPLUV-REGARD,4,Continuous,0,25,RP,283.81396551065,,,,,0,0,,,,,,0,,,,,0,,,,,,,,,,,,,,,,,,,,,0,,,,,0,,0,,0,,0,,,,0,0,0,,0,0,,,./0.png
-71.7120943859489,46.6715244519139,409,415,Insert,EGPLUV-REGARD,4,Continuous,0,25,RP,283.81396551065,,,,,0,0,,,,,,0,,,,,0,,,,,,,,,,,,,,,,,,,,,0,,,,,0,,0,,0,,0,,,,0,0,0,,0,0,,,./0.png
-71.7120438793016,46.6714927874362,410,416,Insert,EGPLUV-REGARD,4,Continuous,0,25,RP,283.81396551065,,,,,0,0,,,,,,0,,,,,0,,,,,,,,,,,,,,,,,,,,,0,,,,,0,,0,,0,,0,,,,0,0,0,,0,0,,,./0.png
-71.7105102956268,46.6720075436375,411,417,Insert,EGPLUV-REGARD,4,Continuous,0,25,RP,283.81396551065,,,,,0,0,,,,,,0,,,,,0,,,,,,,,,,,,,,,,,,,,,0,,,,,0,,0,,0,,0,,,,0,0,0,,0,0,,,./0.png
-71.7096541184438,46.6723025538838,412,418,Insert,EGPLUV-REGARD,4,Continuous,0,25,RP,283.81396551065,,,,,0,0,,,,,,0,,,,,0,,,,,,,,,,,,,,,,,,,,,0,,,,,0,,0,,0,,0,,,,0,0,0,,0,0,,,./0.png
-71.7095982497344,46.6724235852626,413,419,Insert,EGPLUV-REGARD,4,Continuous,0,25,RP,283.81396551065,,,,,0,0,,,,,,0,,,,,0,,,,,,,,,,,,,,,,,,,,,0,,,,,0,,0,,0,,0,,,,0,0,0,,0,0,,,./0.png
-71.710193950915,46.6728693610863,414,420,Insert,EGPLUV-REGARD,4,Continuous,0,25,RP,283.81396551065,,,,,0,0,,,,,,0,,,,,0,,,,,,,,,,,,,,,,,,,,,0,,,,,0,,0,,0,,0,,,,0,0,0,,0,0,,,./0.png
-71.7105964122303,46.6727311596105,415,421,Insert,EGPLUV-REGARD,4,Continuous,0,25,RP,283.81396551065,,,,,0,0,,,,,,0,,,,,0,,,,,,,,,,,,,,,,,,,,,0,,,,,0,,0,,0,,0,,,,0,0,0,,0,0,,,./0.png
-71.7110054981734,46.6732938090746,416,422,Insert,EGPLUV-REGARD,4,Continuous,0,25,RP,283.81396551065,,,,,0,0,,,,,,0,,,,,0,,,,,,,,,,,,,,,,,,,,,0,,,,,0,,0,,0,,0,,,,0,0,0,,0,0,,,./0.png
-71.7171119924079,46.6843841315442,417,423,Insert,EGPLUV-REGARD,4,Continuous,73.317,25,MRDOPR,2.8113240057189,,,,,0,0,,,,,,0,,,,,0,,,,,,,,,,,,,,,,,,,,,0,,,,,0,,0,,0,,0,,,,0,0,0,,0,0,,,./0.png
-71.7171180069628,46.6845197545273,418,424,Insert,EGPLUV-REGARD,4,Continuous,71.873,25,MRDOPR,182.811324128066,,,,,0,0,,,,,,0,,,,,0,,,,,,,,,,,,,,,,,,,,,0,,,,,0,,0,,0,,0,,,,0,0,0,,0,0,,,./0.png
-71.7282791217958,46.6818614455117,419,425,,,0,,0,0,,0,,,,,0,0,,,,,,0,,,,,0,,,,,,,,,,,,,,,,,,,,,0,,,,,0,,0,,0,,0,,,,0,0,0,,0,0,,,./0.png
-71.7246568242981,46.6837873421065,420,426,,,0,,0,0,,0,,,,,0,0,,,,,,0,,,,,0,,,,,,,,,,,,,,,,,,,,,0,,,,,0,,0,,0,,0,,,,0,0,0,,0,0,,,./0.png
-71.7290461008803,46.6815909760303,421,428,,,0,,0,0,,0,,,,,0,0,,,,,,0,,,,,0,,,,,,,,,,,,,,,,,,,,,0,,,,,0,,0,,0,,0,,,,0,0,0,,0,0,,,./0.png
-71.7186511282531,46.6843107519893,422,429,,,0,,0,0,,0,,,,,0,0,,,,,,0,,,,,0,,,,,,,,,,,,,,,,,,,,,0,,,,,0,,0,,0,,0,,,,0,0,0,,0,0,,,./0.png
-71.738060579343,46.6835616094288,423,430,,,0,,0,0,,0,,,,,0,0,,,,,,0,,,,,0,,,,,,,,,,,,,,,,,,,,,0,,,,,0,,0,,0,,0,,,,0,0,0,,0,0,,,./0.png
-71.739354513156,46.6737382948531,424,431,,,0,,0,0,,0,,,,,0,0,,,,,,0,,,,,0,,,,,,,,,,,,,,,,,,,,,0,,,,,0,,0,,0,,0,,,,0,0,0,,0,0,,,./0.png
-71.7394817986471,46.6736574105512,425,432,,,0,,0,0,,0,,,,,0,0,,,,,,0,,,,,0,,,,,,,,,,,,,,,,,,,,,0,,,,,0,,0,,0,,0,,,,0,0,0,,0,0,,,./0.png
-71.6896760789445,46.6733173490054,426,433,,,0,,0,0,,0,,,,,0,0,,,,,,0,,,,,0,,,,,,,,,,,,,,,,,,,,,0,,,,,0,,0,,0,,0,,,,0,0,0,,0,0,,,./0.png
-71.7277934270112,46.6815724396464,427,434,,,0,,0,0,,0,,,,,0,0,,,,,,0,,,,,0,,,,,,,,,,,,,,,,,,,,,0,,,,,0,,0,,0,,0,,,,0,0,0,,0,0,,,./0.png
-71.7298659382213,46.674188937824,428,435,,,0,,0,0,,0,,,,,0,0,,,,,,0,,,,,0,,,,,,,,,,,,,,,,,,,,,0,,,,,0,,0,,0,,0,,,,0,0,0,,0,0,,,./0.png
-71.711050320949,46.6748007755301,429,436,,,0,,0,0,,0,,,,,0,0,,,,,,0,,,,,0,,,,,,,,,,,,,,,,,,,,,0,,,,,0,,0,,0,,0,,,,0,0,0,,0,0,,,./0.png
-71.7110908172265,46.6749852077483,430,437,,,0,,0,0,,0,,,,,0,0,,,,,,0,,,,,0,,,,,,,,,,,,,,,,,,,,,0,,,,,0,,0,,0,,0,,,,0,0,0,,0,0,,,./0.png
-71.7109201947329,46.6748647993841,431,438,,,0,,0,0,,0,,,,,0,0,,,,,,0,,,,,0,,,,,,,,,,,,,,,,,,,,,0,,,,,0,,0,,0,,0,,,,0,0,0,,0,0,,,./0.png
-71.7105516487291,46.6749421604141,432,439,,,0,,0,0,,0,,,,,0,0,,,,,,0,,,,,0,,,,,,,,,,,,,,,,,,,,,0,,,,,0,,0,,0,,0,,,,0,0,0,,0,0,,,./0.png
-71.7098743697513,46.6749854248507,433,440,,,0,,0,0,,0,,,,,0,0,,,,,,0,,,,,0,,,,,,,,,,,,,,,,,,,,,0,,,,,0,,0,,0,,0,,,,0,0,0,,0,0,,,./0.png
-71.7094969005824,46.6750593224056,434,441,,,0,,0,0,,0,,,,,0,0,,,,,,0,,,,,0,,,,,,,,,,,,,,,,,,,,,0,,,,,0,,0,,0,,0,,,,0,0,0,,0,0,,,./0.png
-71.709039960266,46.6751387497388,435,442,,,0,,0,0,,0,,,,,0,0,,,,,,0,,,,,0,,,,,,,,,,,,,,,,,,,,,0,,,,,0,,0,,0,,0,,,,0,0,0,,0,0,,,./0.png
-71.7087834769868,46.6752012862312,436,443,,,0,,0,0,,0,,,,,0,0,,,,,,0,,,,,0,,,,,,,,,,,,,,,,,,,,,0,,,,,0,,0,,0,,0,,,,0,0,0,,0,0,,,./0.png
-71.7080679066346,46.675343449165,437,444,,,0,,0,0,,0,,,,,0,0,,,,,,0,,,,,0,,,,,,,,,,,,,,,,,,,,,0,,,,,0,,0,,0,,0,,,,0,0,0,,0,0,,,./0.png
-71.7075352397224,46.6756251095333,438,445,,,0,,0,0,,0,,,,,0,0,,,,,,0,,,,,0,,,,,,,,,,,,,,,,,,,,,0,,,,,0,,0,,0,,0,,,,0,0,0,,0,0,,,./0.png
-71.7071606605455,46.6758511180718,439,446,,,0,,0,0,,0,,,,,0,0,,,,,,0,,,,,0,,,,,,,,,,,,,,,,,,,,,0,,,,,0,,0,,0,,0,,,,0,0,0,,0,0,,,./0.png
-71.7062843906236,46.6763827915721,440,447,,,0,,0,0,,0,,,,,0,0,,,,,,0,,,,,0,,,,,,,,,,,,,,,,,,,,,0,,,,,0,,0,,0,,0,,,,0,0,0,,0,0,,,./0.png
-71.7054318610365,46.6769002349094,441,448,,,0,,0,0,,0,,,,,0,0,,,,,,0,,,,,0,,,,,,,,,,,,,,,,,,,,,0,,,,,0,,0,,0,,0,,,,0,0,0,,0,0,,,./0.png
-71.7066120806551,46.6766417813737,442,449,,,0,,0,0,,0,,,,,0,0,,,,,,0,,,,,0,,,,,,,,,,,,,,,,,,,,,0,,,,,0,,0,,0,,0,,,,0,0,0,,0,0,,,./0.png
-71.7075335359424,46.6767997619108,443,450,,,0,,0,0,,0,,,,,0,0,,,,,,0,,,,,0,,,,,,,,,,,,,,,,,,,,,0,,,,,0,,0,,0,,0,,,,0,0,0,,0,0,,,./0.png
-71.7083577601371,46.6769279212081,444,451,,,0,,0,0,,0,,,,,0,0,,,,,,0,,,,,0,,,,,,,,,,,,,,,,,,,,,0,,,,,0,,0,,0,,0,,,,0,0,0,,0,0,,,./0.png
-71.7081581900933,46.6761103188985,445,452,,,0,,0,0,,0,,,,,0,0,,,,,,0,,,,,0,,,,,,,,,,,,,,,,,,,,,0,,,,,0,,0,,0,,0,,,,0,0,0,,0,0,,,./0.png
-71.7082014621992,46.6761440226234,446,453,,,0,,0,0,,0,,,,,0,0,,,,,,0,,,,,0,,,,,,,,,,,,,,,,,,,,,0,,,,,0,,0,,0,,0,,,,0,0,0,,0,0,,,./0.png
-71.7088415283245,46.6766435459787,447,454,,,0,,0,0,,0,,,,,0,0,,,,,,0,,,,,0,,,,,,,,,,,,,,,,,,,,,0,,,,,0,,0,,0,,0,,,,0,0,0,,0,0,,,./0.png
-71.7095610444571,46.6772050586109,448,455,,,0,,0,0,,0,,,,,0,0,,,,,,0,,,,,0,,,,,,,,,,,,,,,,,,,,,0,,,,,0,,0,,0,,0,,,,0,0,0,,0,0,,,./0.png
-71.7086479680433,46.6777250346658,449,456,,,0,,0,0,,0,,,,,0,0,,,,,,0,,,,,0,,,,,,,,,,,,,,,,,,,,,0,,,,,0,,0,,0,,0,,,,0,0,0,,0,0,,,./0.png
-71.7074733891599,46.6775402667902,450,457,,,0,,0,0,,0,,,,,0,0,,,,,,0,,,,,0,,,,,,,,,,,,,,,,,,,,,0,,,,,0,,0,,0,,0,,,,0,0,0,,0,0,,,./0.png
-71.7065247036099,46.6773781001151,451,458,,,0,,0,0,,0,,,,,0,0,,,,,,0,,,,,0,,,,,,,,,,,,,,,,,,,,,0,,,,,0,,0,,0,,0,,,,0,0,0,,0,0,,,./0.png
-71.7059201051992,46.6772747464761,452,459,,,0,,0,0,,0,,,,,0,0,,,,,,0,,,,,0,,,,,,,,,,,,,,,,,,,,,0,,,,,0,,0,,0,,0,,,,0,0,0,,0,0,,,./0.png
-71.707090854226,46.6757986860261,453,460,,,0,,0,0,,0,,,,,0,0,,,,,,0,,,,,0,,,,,,,,,,,,,,,,,,,,,0,,,,,0,,0,,0,,0,,,,0,0,0,,0,0,,,./0.png
-71.7067047219861,46.6755210601462,454,461,,,0,,0,0,,0,,,,,0,0,,,,,,0,,,,,0,,,,,,,,,,,,,,,,,,,,,0,,,,,0,,0,,0,,0,,,,0,0,0,,0,0,,,./0.png
-71.7064619042142,46.6753463007569,455,462,,,0,,0,0,,0,,,,,0,0,,,,,,0,,,,,0,,,,,,,,,,,,,,,,,,,,,0,,,,,0,,0,,0,,0,,,,0,0,0,,0,0,,,./0.png
-71.7054885878507,46.6759056536659,456,463,,,0,,0,0,,0,,,,,0,0,,,,,,0,,,,,0,,,,,,,,,,,,,,,,,,,,,0,,,,,0,,0,,0,,0,,,,0,0,0,,0,0,,,./0.png
-71.7045189048605,46.6752012021795,457,464,,,0,,0,0,,0,,,,,0,0,,,,,,0,,,,,0,,,,,,,,,,,,,,,,,,,,,0,,,,,0,,0,,0,,0,,,,0,0,0,,0,0,,,./0.png
-71.7037866746401,46.675617431178,458,465,,,0,,0,0,,0,,,,,0,0,,,,,,0,,,,,0,,,,,,,,,,,,,,,,,,,,,0,,,,,0,,0,,0,,0,,,,0,0,0,,0,0,,,./0.png
-71.7032362472437,46.675201208121,459,466,,,0,,0,0,,0,,,,,0,0,,,,,,0,,,,,0,,,,,,,,,,,,,,,,,,,,,0,,,,,0,,0,,0,,0,,,,0,0,0,,0,0,,,./0.png
-71.7071858230871,46.6752243332289,460,467,,,0,,0,0,,0,,,,,0,0,,,,,,0,,,,,0,,,,,,,,,,,,,,,,,,,,,0,,,,,0,,0,,0,,0,,,,0,0,0,,0,0,,,./0.png
-71.707454254465,46.674930382453,461,468,,,0,,0,0,,0,,,,,0,0,,,,,,0,,,,,0,,,,,,,,,,,,,,,,,,,,,0,,,,,0,,0,,0,,0,,,,0,0,0,,0,0,,,./0.png
-71.7099490659582,46.6755704676145,462,469,,,0,,0,0,,0,,,,,0,0,,,,,,0,,,,,0,,,,,,,,,,,,,,,,,,,,,0,,,,,0,,0,,0,,0,,,,0,0,0,,0,0,,,./0.png
-71.7101829451446,46.6749151454942,463,470,,,0,,0,0,,0,,,,,0,0,,,,,,0,,,,,0,,,,,,,,,,,,,,,,,,,,,0,,,,,0,,0,,0,,0,,,,0,0,0,,0,0,,,./0.png
-71.7115754000344,46.6755604306827,464,471,,,0,,0,0,,0,,,,,0,0,,,,,,0,,,,,0,,,,,,,,,,,,,,,,,,,,,0,,,,,0,,0,,0,,0,,,,0,0,0,,0,0,,,./0.png
-71.7145996885256,46.6784342019434,465,472,,,0,,0,0,,0,,,,,0,0,,,,,,0,,,,,0,,,,,,,,,,,,,,,,,,,,,0,,,,,0,,0,,0,,0,,,,0,0,0,,0,0,,,./0.png
-71.7151146582216,46.6826220619921,466,473,,,0,,0,0,,0,,,,,0,0,,,,,,0,,,,,0,,,,,,,,,,,,,,,,,,,,,0,,,,,0,,0,,0,,0,,,,0,0,0,,0,0,,,./0.png
-71.7147614624648,46.682646127616,467,474,,,0,,0,0,,0,,,,,0,0,,,,,,0,,,,,0,,,,,,,,,,,,,,,,,,,,,0,,,,,0,,0,,0,,0,,,,0,0,0,,0,0,,,./0.png
-71.7143697143497,46.6826706997032,468,475,,,0,,0,0,,0,,,,,0,0,,,,,,0,,,,,0,,,,,,,,,,,,,,,,,,,,,0,,,,,0,,0,,0,,0,,,,0,0,0,,0,0,,,./0.png
-71.7133161172139,46.6827469209581,469,476,,,0,,0,0,,0,,,,,0,0,,,,,,0,,,,,0,,,,,,,,,,,,,,,,,,,,,0,,,,,0,,0,,0,,0,,,,0,0,0,,0,0,,,./0.png
-71.7127104760142,46.6831031052423,470,477,,,0,,0,0,,0,,,,,0,0,,,,,,0,,,,,0,,,,,,,,,,,,,,,,,,,,,0,,,,,0,,0,,0,,0,,,,0,0,0,,0,0,,,./0.png
-71.7280476255004,46.6817487634992,471,478,,,0,,0,0,,0,,,,,0,0,,,,,,0,,,,,0,,,,,,,,,,,,,,,,,,,,,0,,,,,0,,0,,0,,0,,,,0,0,0,,0,0,,,./0.png
-71.7285946149352,46.6770917435811,472,479,,,0,,0,0,,0,,,,,0,0,,,,,,0,,,,,0,,,,,,,,,,,,,,,,,,,,,0,,,,,0,,0,,0,,0,,,,0,0,0,,0,0,,,./0.png
-71.7291878718674,46.6777100225048,473,480,,,0,,0,0,,0,,,,,0,0,,,,,,0,,,,,0,,,,,,,,,,,,,,,,,,,,,0,,,,,0,,0,,0,,0,,,,0,0,0,,0,0,,,./0.png
-71.7287705813448,46.6781155445991,474,481,,,0,,0,0,,0,,,,,0,0,,,,,,0,,,,,0,,,,,,,,,,,,,,,,,,,,,0,,,,,0,,0,,0,,0,,,,0,0,0,,0,0,,,./0.png
-71.7294996807393,46.6782650292248,475,482,,,0,,0,0,,0,,,,,0,0,,,,,,0,,,,,0,,,,,,,,,,,,,,,,,,,,,0,,,,,0,,0,,0,,0,,,,0,0,0,,0,0,,,./0.png
-71.7285354297742,46.6783554931599,476,483,,,0,,0,0,,0,,,,,0,0,,,,,,0,,,,,0,,,,,,,,,,,,,,,,,,,,,0,,,,,0,,0,,0,,0,,,,0,0,0,,0,0,,,./0.png
-71.7096647778005,46.6730338409081,477,484,,,0,,0,0,,0,,,,,0,0,,,,,,0,,,,,0,,,,,,,,,,,,,,,,,,,,,0,,,,,0,,0,,0,,0,,,,0,0,0,,0,0,,,./0.png
-71.7383621638616,46.6783884657317,478,485,,,0,,0,0,,0,,,,,0,0,,,,,,0,,,,,0,,,,,,,,,,,,,,,,,,,,,0,,,,,0,,0,,0,,0,,,,0,0,0,,0,0,,,./0.png
-71.7391879136637,46.6790184432217,479,486,,,0,,0,0,,0,,,,,0,0,,,,,,0,,,,,0,,,,,,,,,,,,,,,,,,,,,0,,,,,0,,0,,0,,0,,,,0,0,0,,0,0,,,./0.png
-71.7389816039729,46.6795130346956,480,487,,,0,,0,0,,0,,,,,0,0,,,,,,0,,,,,0,,,,,,,,,,,,,,,,,,,,,0,,,,,0,,0,,0,,0,,,,0,0,0,,0,0,,,./0.png
-71.7387182831139,46.6793223078099,481,488,,,0,,0,0,,0,,,,,0,0,,,,,,0,,,,,0,,,,,,,,,,,,,,,,,,,,,0,,,,,0,,0,,0,,0,,,,0,0,0,,0,0,,,./0.png
-71.7385050998396,46.6791714046889,482,489,,,0,,0,0,,0,,,,,0,0,,,,,,0,,,,,0,,,,,,,,,,,,,,,,,,,,,0,,,,,0,,0,,0,,0,,,,0,0,0,,0,0,,,./0.png
-71.7370277828191,46.6801214655364,483,490,,,0,,0,0,,0,,,,,0,0,,,,,,0,,,,,0,,,,,,,,,,,,,,,,,,,,,0,,,,,0,,0,,0,,0,,,,0,0,0,,0,0,,,./0.png
-71.7376777743776,46.679700217062,484,491,,,0,,0,0,,0,,,,,0,0,,,,,,0,,,,,0,,,,,,,,,,,,,,,,,,,,,0,,,,,0,,0,,0,,0,,,,0,0,0,,0,0,,,./0.png
-71.7381168289456,46.6791067308726,485,492,,,0,,0,0,,0,,,,,0,0,,,,,,0,,,,,0,,,,,,,,,,,,,,,,,,,,,0,,,,,0,,0,,0,,0,,,,0,0,0,,0,0,,,./0.png
-71.7377211247846,46.678818561334,486,494,,,0,,0,0,,0,,,,,0,0,,,,,,0,,,,,0,,,,,,,,,,,,,,,,,,,,,0,,,,,0,,0,,0,,0,,,,0,0,0,,0,0,,,./0.png
-71.7295894299237,46.6724322529643,487,497,,,0,,0,0,,0,,,,,0,0,,,,,,0,,,,,0,,,,,,,,,,,,,,,,,,,,,0,,,,,0,,0,,0,,0,,,,0,0,0,,0,0,,,./0.png
-71.7315892747632,46.6740019139629,488,500,,,0,,0,0,,0,,,,,0,0,,,,,,0,,,,,0,,,,,,,,,,,,,,,,,,,,,0,,,,,0,,0,,0,,0,,,,0,0,0,,0,0,,,./0.png
-71.7313104327745,46.6737723736451,489,501,,,0,,0,0,,0,,,,,0,0,,,,,,0,,,,,0,,,,,,,,,,,,,,,,,,,,,0,,,,,0,,0,,0,,0,,,,0,0,0,,0,0,,,./0.png
-71.7314716167103,46.6737789925721,490,502,,,0,,0,0,,0,,,,,0,0,,,,,,0,,,,,0,,,,,,,,,,,,,,,,,,,,,0,,,,,0,,0,,0,,0,,,,0,0,0,,0,0,,,./0.png
-71.730467413779,46.6731159382906,491,503,,,0,,0,0,,0,,,,,0,0,,,,,,0,,,,,0,,,,,,,,,,,,,,,,,,,,,0,,,,,0,,0,,0,,0,,,,0,0,0,,0,0,,,./0.png
-71.7049607163136,46.677196762015,492,504,,,0,,0,0,,0,,,,,0,0,,,,,,0,,,,,0,,,,,,,,,,,,,,,,,,,,,0,,,,,0,,0,,0,,0,,,,0,0,0,,0,0,,,./0.png
-71.7049246713316,46.6771454427915,493,505,,,0,,0,0,,0,,,,,0,0,,,,,,0,,,,,0,,,,,,,,,,,,,,,,,,,,,0,,,,,0,,0,,0,,0,,,,0,0,0,,0,0,,,./0.png
-71.7050664405787,46.6772729500537,494,506,,,0,,0,0,,0,,,,,0,0,,,,,,0,,,,,0,,,,,,,,,,,,,,,,,,,,,0,,,,,0,,0,,0,,0,,,,0,0,0,,0,0,,,./0.png
-71.7045482036669,46.6768721735418,495,507,,,0,,0,0,,0,,,,,0,0,,,,,,0,,,,,0,,,,,,,,,,,,,,,,,,,,,0,,,,,0,,0,,0,,0,,,,0,0,0,,0,0,,,./0.png
-71.7037524410884,46.6762395218171,496,508,,,0,,0,0,,0,,,,,0,0,,,,,,0,,,,,0,,,,,,,,,,,,,,,,,,,,,0,,,,,0,,0,,0,,0,,,,0,0,0,,0,0,,,./0.png
-71.7036850549124,46.6762037126159,497,509,,,0,,0,0,,0,,,,,0,0,,,,,,0,,,,,0,,,,,,,,,,,,,,,,,,,,,0,,,,,0,,0,,0,,0,,,,0,0,0,,0,0,,,./0.png
-71.7026777756661,46.6754080273634,498,510,,,0,,0,0,,0,,,,,0,0,,,,,,0,,,,,0,,,,,,,,,,,,,,,,,,,,,0,,,,,0,,0,,0,,0,,,,0,0,0,,0,0,,,./0.png
-71.7026370132015,46.6753949701834,499,511,,,0,,0,0,,0,,,,,0,0,,,,,,0,,,,,0,,,,,,,,,,,,,,,,,,,,,0,,,,,0,,0,,0,,0,,,,0,0,0,,0,0,,,./0.png
-71.7018440764623,46.6747619158386,500,512,,,0,,0,0,,0,,,,,0,0,,,,,,0,,,,,0,,,,,,,,,,,,,,,,,,,,,0,,,,,0,,0,,0,,0,,,,0,0,0,,0,0,,,./0.png
-71.7017704136092,46.6747067964697,501,513,,,0,,0,0,,0,,,,,0,0,,,,,,0,,,,,0,,,,,,,,,,,,,,,,,,,,,0,,,,,0,,0,,0,,0,,,,0,0,0,,0,0,,,./0.png
-71.7016442092137,46.6746243145449,502,514,,,0,,0,0,,0,,,,,0,0,,,,,,0,,,,,0,,,,,,,,,,,,,,,,,,,,,0,,,,,0,,0,,0,,0,,,,0,0,0,,0,0,,,./0.png
-71.7331058147797,46.6729377699191,503,515,,,0,,0,0,,0,,,,,0,0,,,,,,0,,,,,0,,,,,,,,,,,,,,,,,,,,,0,,,,,0,,0,,0,,0,,,,0,0,0,,0,0,,,./0.png
-71.7328301203695,46.6731132459031,504,516,,,0,,0,0,,0,,,,,0,0,,,,,,0,,,,,0,,,,,,,,,,,,,,,,,,,,,0,,,,,0,,0,,0,,0,,,,0,0,0,,0,0,,,./0.png
-71.7319432323128,46.6735079808664,505,517,,,0,,0,0,,0,,,,,0,0,,,,,,0,,,,,0,,,,,,,,,,,,,,,,,,,,,0,,,,,0,,0,,0,,0,,,,0,0,0,,0,0,,,./0.png
-71.728610793783,46.671656358758,506,518,,,0,,0,0,,0,,,,,0,0,,,,,,0,,,,,0,,,,,,,,,,,,,,,,,,,,,0,,,,,0,,0,,0,,0,,,,0,0,0,,0,0,,,./0.png
-71.727636844458,46.6708780169725,507,519,,,0,,0,0,,0,,,,,0,0,,,,,,0,,,,,0,,,,,,,,,,,,,,,,,,,,,0,,,,,0,,0,,0,,0,,,,0,0,0,,0,0,,,./0.png
-71.7267533878119,46.6701819404303,508,520,,,0,,0,0,,0,,,,,0,0,,,,,,0,,,,,0,,,,,,,,,,,,,,,,,,,,,0,,,,,0,,0,,0,,0,,,,0,0,0,,0,0,,,./0.png
-71.7052955267869,46.6767815394841,509,521,,,0,,0,0,,0,,,,,0,0,,,,,,0,,,,,0,,,,,,,,,,,,,,,,,,,,,0,,,,,0,,0,,0,,0,,,,0,0,0,,0,0,,,./0.png
-71.7047446977805,46.676357571921,510,522,,,0,,0,0,,0,,,,,0,0,,,,,,0,,,,,0,,,,,,,,,,,,,,,,,,,,,0,,,,,0,,0,,0,,0,,,,0,0,0,,0,0,,,./0.png
-71.7052831666639,46.6760250139632,511,523,,,0,,0,0,,0,,,,,0,0,,,,,,0,,,,,0,,,,,,,,,,,,,,,,,,,,,0,,,,,0,,0,,0,,0,,,,0,0,0,,0,0,,,./0.png
-71.7384071799254,46.6782987003018,512,529,,,0,,0,0,,0,,,,,0,0,,,,,,0,,,,,0,,,,,,,,,,,,,,,,,,,,,0,,,,,0,,0,,0,,0,,,,0,0,0,,0,0,,,./0.png
